cargo test --test augmented_lagrangian test_quartic_with_bound_constraints_matches_reference::case_4_quartic_nocedal_pr -F enable_trace
warning: unused import: `cmp::max`
  --> src/constrained/augmented_lagrangian.rs:17:5
   |
17 |     cmp::max,
   |     ^^^^^^^^
   |
   = note: `#[warn(unused_imports)]` (part of `#[warn(unused)]`) on by default

warning: unused variable: `iter_k`
   --> src/constrained/augmented_lagrangian.rs:572:9
    |
572 |         iter_k: &IterData,
    |         ^^^^^^ help: if this is intentional, prefix it with an underscore: `_iter_k`
    |
    = note: `#[warn(unused_variables)]` (part of `#[warn(unused)]`) on by default

warning: `topohedral-optimize` (lib) generated 2 warnings (run `cargo fix --lib -p topohedral-optimize` to apply 2 suggestions)
    Finished `test` profile [unoptimized + debuginfo] target(s) in 0.02s
     Running tests/augmented_lagrangian.rs (target/debug/deps/augmented_lagrangian-590d0adc2f943dab)

running 1 test
test test_quartic_with_bound_constraints_matches_reference::case_4_quartic_nocedal_pr ... FAILED

failures:

---- test_quartic_with_bound_constraints_matches_reference::case_4_quartic_nocedal_pr stdout ----
[INFO (2) factory:67]                               * Entering create
[INFO (2) augmented_lagrangian:537]                     * Entering new
[TRACE(2) augmented_lagrangian:549]                         Creating new Augmented Lagrangian function
[INFO (2) augmented_lagrangian:235]                         * Entering new
[TRACE(2) augmented_lagrangian:95]                              Creating constraint data object with 1 constraints
[INFO (2) augmented_lagrangian:235]                         * Leaving new
[INFO (2) augmented_lagrangian:475]                         * Entering eval
[TRACE(2) augmented_lagrangian:190]                             Evaluated inequality constraint value: 0.0000e0
[INFO (2) augmented_lagrangian:475]                         * Leaving eval
[INFO (2) augmented_lagrangian:499]                         * Entering grad
[TRACE(2) augmented_lagrangian:211]                             Evaluated inequality constraint gradient norm: 0.0000e0
[INFO (2) augmented_lagrangian:499]                         * Leaving grad
[INFO (2) augmented_lagrangian:537]                     * Leaving new
[INFO (2) factory:67]                               * Leaving create
[INFO (2) augmented_lagrangian:718]                 * Entering minimize
[INFO (2) augmented_lagrangian:475]                     * Entering eval
[TRACE(2) augmented_lagrangian:190]                         Evaluated inequality constraint value: 0.0000e0
[INFO (2) augmented_lagrangian:475]                     * Leaving eval
[INFO (2) augmented_lagrangian:499]                     * Entering grad
[TRACE(2) augmented_lagrangian:211]                         Evaluated inequality constraint gradient norm: 0.0000e0
[INFO (2) augmented_lagrangian:499]                     * Leaving grad
[INFO (2) augmented_lagrangian:294]                     * Entering compute_max_constraint_violation
[TRACE(2) augmented_lagrangian:313]                         Computing inequality constraint value
[TRACE(2) augmented_lagrangian:314]                         values: DMatrix { data: [-80.0], nrows: 1, ncols: 1 }
[TRACE(2) augmented_lagrangian:315]                         shifts: DMatrix { data: [0.0], nrows: 1, ncols: 1 }
[INFO (2) augmented_lagrangian:294]                     * Leaving compute_max_constraint_violation
[INFO (2) augmented_lagrangian:663]                     ******************************************************************************************** i = 1
[TRACE(2) augmented_lagrangian:664]                     Current solution: |      100     -100        3 0.000001        0 |

[INFO (2) augmented_lagrangian:665]                     Current values: fx=2.1204e8, norm_grad_fx=6.0703e6
[INFO (2) augmented_lagrangian:666]                     Convergence measures:
[INFO (2) augmented_lagrangian:668]                     ||∇f(k)|| / ||∇f(0)|| = 1.0000e0
[INFO (2) augmented_lagrangian:669]                     Kmax = 0.0000e0
[INFO (2) augmented_lagrangian:569]                     * Entering set_uncon_options
[INFO (2) augmented_lagrangian:275]                         * Entering compute_max_penalty
[INFO (2) augmented_lagrangian:275]                         * Leaving compute_max_penalty
[TRACE(2) augmented_lagrangian:597]                         max_penalty = 1.0000e0 max_violation = 0.0000e0 raw rtol = 1.0000e-1
[TRACE(2) augmented_lagrangian:604]                         Setting Unconstrained options rtol = 1.0000e-3  max_iter 50
[INFO (2) augmented_lagrangian:569]                     * Leaving set_uncon_options
[INFO (2) factory:53]                                   * Entering create
[INFO (2) conjugate_gradient:50]                            * Entering new
[INFO (2) augmented_lagrangian:499]                             * Entering grad
[TRACE(2) augmented_lagrangian:211]                                 Evaluated inequality constraint gradient norm: 0.0000e0
[INFO (2) augmented_lagrangian:499]                             * Leaving grad
[INFO (2) conjugate_gradient:50]                            * Leaving new
[INFO (2) factory:53]                                   * Leaving create
[INFO (2) conjugate_gradient:179]                       * Entering minimize
[INFO (2) augmented_lagrangian:475]                         * Entering eval
[TRACE(2) augmented_lagrangian:190]                             Evaluated inequality constraint value: 0.0000e0
[INFO (2) augmented_lagrangian:475]                         * Leaving eval
[INFO (2) augmented_lagrangian:499]                         * Entering grad
[TRACE(2) augmented_lagrangian:211]                             Evaluated inequality constraint gradient norm: 0.0000e0
[INFO (2) augmented_lagrangian:499]                         * Leaving grad
[INFO (2) conjugate_gradient:166]                           ======================================================================== i = 1
[TRACE(2) conjugate_gradient:167]                           Current solution: |      100     -100        3 0.000001        0 |

[INFO (2) conjugate_gradient:168]                           Current values: fx=2.1204e8, norm_grad_fx=6.0703e6
[INFO (2) conjugate_gradient:169]                           Convergence measures:
[INFO (2) conjugate_gradient:171]                           ||∇f(k)|| / ||∇f(0)|| = 1.0000e0
[INFO (2) conjugate_gradient:67]                            * Entering apply_restart
[INFO (2) conjugate_gradient:67]                            * Leaving apply_restart
[INFO (2) utils:321]                                        * Entering initial_step
[TRACE(2) utils:329]                                            phi1 = 2.1204e8, phi0 = 2.1508e8 dphi1 = -3.6848e13
[TRACE(2) utils:334]                                            stp1 = 1.0000e0 stp2 = 1.6638e-7
[TRACE(2) utils:335]                                            returning 1.6638e-7
[INFO (2) utils:321]                                        * Leaving initial_step
[INFO (2) mod:49]                                           * Entering search
[TRACE(2) mod:59]                                               Running with parameters:
[TRACE(2) mod:60]                                               iter_data: fx=2.1204e8, norm_grad_fx=6.0703e6
[TRACE(2) mod:61]                                               alpha_init: 0.00000016638494413273994
[INFO (2) common:30]                                            * Entering new
[INFO (2) common:30]                                            * Leaving new
[INFO (2) factory:30]                                           * Entering create
[INFO (2) nocedal:37]                                               * Entering new
[INFO (2) nocedal:37]                                               * Leaving new
[INFO (2) factory:30]                                           * Leaving create
[INFO (2) nocedal:51]                                           * Entering search
[TRACE(2) nocedal:60]                                               Entering with phi0 = 2.1204e8 dphi0 = -3.6848e13
[INFO (2) common:56]                                                * Entering eval
[INFO (2) augmented_lagrangian:475]                                     * Entering eval
[TRACE(2) augmented_lagrangian:190]                                         Evaluated inequality constraint value: 0.0000e0
[INFO (2) augmented_lagrangian:475]                                     * Leaving eval
[INFO (2) common:56]                                                * Leaving eval
[TRACE(2) nocedal:80]                                               --------------------------------------- nocedal it = 0
[TRACE(2) nocedal:81]                                               alpha0 = 0.0000e0 alpha1 = 1.6638e-7
[TRACE(2) nocedal:82]                                               phi_a0 = 2.1204e8 phi1 2.0598e8
[TRACE(2) nocedal:83]                                               dphi_aa0 = -3.6848e13 dphi1 0.0000e0
[INFO (2) utils:263]                                                * Entering satisfies_armijo
[TRACE(2) utils:273]                                                    armijo: left = 2.0598e8 right = 2.1204e8
[TRACE(2) utils:274]                                                    Satisfies Armijo true
[INFO (2) utils:263]                                                * Leaving satisfies_armijo
[INFO (2) common:66]                                                * Entering diff
[INFO (2) augmented_lagrangian:499]                                     * Entering grad
[TRACE(2) augmented_lagrangian:211]                                         Evaluated inequality constraint gradient norm: 0.0000e0
[INFO (2) augmented_lagrangian:499]                                     * Leaving grad
[INFO (2) common:66]                                                * Leaving diff
[TRACE(2) nocedal:143]                                              dphi_a1 = -3.6032e13
[TRACE(2) nocedal:203]                                              Doubling alpha for next iteration to 3.3277e-7
[INFO (2) common:56]                                                * Entering eval
[INFO (2) augmented_lagrangian:475]                                     * Entering eval
[TRACE(2) augmented_lagrangian:190]                                         Evaluated inequality constraint value: 0.0000e0
[INFO (2) augmented_lagrangian:475]                                     * Leaving eval
[INFO (2) common:56]                                                * Leaving eval
[TRACE(2) nocedal:80]                                               --------------------------------------- nocedal it = 1
[TRACE(2) nocedal:81]                                               alpha0 = 1.6638e-7 alpha1 = 3.3277e-7
[TRACE(2) nocedal:82]                                               phi_a0 = 2.0598e8 phi1 2.0005e8
[TRACE(2) nocedal:83]                                               dphi_aa0 = -3.6032e13 dphi1 -3.6032e13
[INFO (2) utils:263]                                                * Entering satisfies_armijo
[TRACE(2) utils:273]                                                    armijo: left = 2.0005e8 right = 2.1204e8
[TRACE(2) utils:274]                                                    Satisfies Armijo true
[INFO (2) utils:263]                                                * Leaving satisfies_armijo
[INFO (2) common:66]                                                * Entering diff
[INFO (2) augmented_lagrangian:499]                                     * Entering grad
[TRACE(2) augmented_lagrangian:211]                                         Evaluated inequality constraint gradient norm: 0.0000e0
[INFO (2) augmented_lagrangian:499]                                     * Leaving grad
[INFO (2) common:66]                                                * Leaving diff
[TRACE(2) nocedal:143]                                              dphi_a1 = -3.5228e13
[TRACE(2) nocedal:203]                                              Doubling alpha for next iteration to 6.6554e-7
[INFO (2) common:56]                                                * Entering eval
[INFO (2) augmented_lagrangian:475]                                     * Entering eval
[TRACE(2) augmented_lagrangian:190]                                         Evaluated inequality constraint value: 0.0000e0
[INFO (2) augmented_lagrangian:475]                                     * Leaving eval
[INFO (2) common:56]                                                * Leaving eval
[TRACE(2) nocedal:80]                                               --------------------------------------- nocedal it = 2
[TRACE(2) nocedal:81]                                               alpha0 = 3.3277e-7 alpha1 = 6.6554e-7
[TRACE(2) nocedal:82]                                               phi_a0 = 2.0005e8 phi1 1.8859e8
[TRACE(2) nocedal:83]                                               dphi_aa0 = -3.5228e13 dphi1 -3.5228e13
[INFO (2) utils:263]                                                * Entering satisfies_armijo
[TRACE(2) utils:273]                                                    armijo: left = 1.8859e8 right = 2.1204e8
[TRACE(2) utils:274]                                                    Satisfies Armijo true
[INFO (2) utils:263]                                                * Leaving satisfies_armijo
[INFO (2) common:66]                                                * Entering diff
[INFO (2) augmented_lagrangian:499]                                     * Entering grad
[TRACE(2) augmented_lagrangian:211]                                         Evaluated inequality constraint gradient norm: 0.0000e0
[INFO (2) augmented_lagrangian:499]                                     * Leaving grad
[INFO (2) common:66]                                                * Leaving diff
[TRACE(2) nocedal:143]                                              dphi_a1 = -3.3658e13
[TRACE(2) nocedal:203]                                              Doubling alpha for next iteration to 1.3311e-6
[INFO (2) common:56]                                                * Entering eval
[INFO (2) augmented_lagrangian:475]                                     * Entering eval
[TRACE(2) augmented_lagrangian:190]                                         Evaluated inequality constraint value: 0.0000e0
[INFO (2) augmented_lagrangian:475]                                     * Leaving eval
[INFO (2) common:56]                                                * Leaving eval
[TRACE(2) nocedal:80]                                               --------------------------------------- nocedal it = 3
[TRACE(2) nocedal:81]                                               alpha0 = 6.6554e-7 alpha1 = 1.3311e-6
[TRACE(2) nocedal:82]                                               phi_a0 = 1.8859e8 phi1 1.6720e8
[TRACE(2) nocedal:83]                                               dphi_aa0 = -3.3658e13 dphi1 -3.3658e13
[INFO (2) utils:263]                                                * Entering satisfies_armijo
[TRACE(2) utils:273]                                                    armijo: left = 1.6720e8 right = 2.1204e8
[TRACE(2) utils:274]                                                    Satisfies Armijo true
[INFO (2) utils:263]                                                * Leaving satisfies_armijo
[INFO (2) common:66]                                                * Entering diff
[INFO (2) augmented_lagrangian:499]                                     * Entering grad
[TRACE(2) augmented_lagrangian:211]                                         Evaluated inequality constraint gradient norm: 0.0000e0
[INFO (2) augmented_lagrangian:499]                                     * Leaving grad
[INFO (2) common:66]                                                * Leaving diff
[TRACE(2) nocedal:143]                                              dphi_a1 = -3.0662e13
[TRACE(2) nocedal:203]                                              Doubling alpha for next iteration to 2.6622e-6
[INFO (2) common:56]                                                * Entering eval
[INFO (2) augmented_lagrangian:475]                                     * Entering eval
[TRACE(2) augmented_lagrangian:190]                                         Evaluated inequality constraint value: 0.0000e0
[INFO (2) augmented_lagrangian:475]                                     * Leaving eval
[INFO (2) common:56]                                                * Leaving eval
[TRACE(2) nocedal:80]                                               --------------------------------------- nocedal it = 4
[TRACE(2) nocedal:81]                                               alpha0 = 1.3311e-6 alpha1 = 2.6622e-6
[TRACE(2) nocedal:82]                                               phi_a0 = 1.6720e8 phi1 1.3008e8
[TRACE(2) nocedal:83]                                               dphi_aa0 = -3.0662e13 dphi1 -3.0662e13
[INFO (2) utils:263]                                                * Entering satisfies_armijo
[TRACE(2) utils:273]                                                    armijo: left = 1.3008e8 right = 2.1203e8
[TRACE(2) utils:274]                                                    Satisfies Armijo true
[INFO (2) utils:263]                                                * Leaving satisfies_armijo
[INFO (2) common:66]                                                * Entering diff
[INFO (2) augmented_lagrangian:499]                                     * Entering grad
[TRACE(2) augmented_lagrangian:211]                                         Evaluated inequality constraint gradient norm: 0.0000e0
[INFO (2) augmented_lagrangian:499]                                     * Leaving grad
[INFO (2) common:66]                                                * Leaving diff
[TRACE(2) nocedal:143]                                              dphi_a1 = -2.5227e13
[TRACE(2) nocedal:203]                                              Doubling alpha for next iteration to 5.3243e-6
[INFO (2) common:56]                                                * Entering eval
[INFO (2) augmented_lagrangian:475]                                     * Entering eval
[TRACE(2) augmented_lagrangian:190]                                         Evaluated inequality constraint value: 0.0000e0
[INFO (2) augmented_lagrangian:475]                                     * Leaving eval
[INFO (2) common:56]                                                * Leaving eval
[TRACE(2) nocedal:80]                                               --------------------------------------- nocedal it = 5
[TRACE(2) nocedal:81]                                               alpha0 = 2.6622e-6 alpha1 = 5.3243e-6
[TRACE(2) nocedal:82]                                               phi_a0 = 1.3008e8 phi1 7.5237e7
[TRACE(2) nocedal:83]                                               dphi_aa0 = -2.5227e13 dphi1 -2.5227e13
[INFO (2) utils:263]                                                * Entering satisfies_armijo
[TRACE(2) utils:273]                                                    armijo: left = 7.5237e7 right = 2.1202e8
[TRACE(2) utils:274]                                                    Satisfies Armijo true
[INFO (2) utils:263]                                                * Leaving satisfies_armijo
[INFO (2) common:66]                                                * Entering diff
[INFO (2) augmented_lagrangian:499]                                     * Entering grad
[TRACE(2) augmented_lagrangian:211]                                         Evaluated inequality constraint gradient norm: 0.0000e0
[INFO (2) augmented_lagrangian:499]                                     * Leaving grad
[INFO (2) common:66]                                                * Leaving diff
[TRACE(2) nocedal:143]                                              dphi_a1 = -1.6412e13
[TRACE(2) nocedal:203]                                              Doubling alpha for next iteration to 1.0649e-5
[INFO (2) common:56]                                                * Entering eval
[INFO (2) augmented_lagrangian:475]                                     * Entering eval
[TRACE(2) augmented_lagrangian:190]                                         Evaluated inequality constraint value: 0.0000e0
[INFO (2) augmented_lagrangian:475]                                     * Leaving eval
[INFO (2) common:56]                                                * Leaving eval
[TRACE(2) nocedal:80]                                               --------------------------------------- nocedal it = 6
[TRACE(2) nocedal:81]                                               alpha0 = 5.3243e-6 alpha1 = 1.0649e-5
[TRACE(2) nocedal:82]                                               phi_a0 = 7.5237e7 phi1 2.0172e7
[TRACE(2) nocedal:83]                                               dphi_aa0 = -1.6412e13 dphi1 -1.6412e13
[INFO (2) utils:263]                                                * Entering satisfies_armijo
[TRACE(2) utils:273]                                                    armijo: left = 2.0172e7 right = 2.1200e8
[TRACE(2) utils:274]                                                    Satisfies Armijo true
[INFO (2) utils:263]                                                * Leaving satisfies_armijo
[INFO (2) common:66]                                                * Entering diff
[INFO (2) augmented_lagrangian:499]                                     * Entering grad
[TRACE(2) augmented_lagrangian:211]                                         Evaluated inequality constraint gradient norm: 0.0000e0
[INFO (2) augmented_lagrangian:499]                                     * Leaving grad
[INFO (2) common:66]                                                * Leaving diff
[TRACE(2) nocedal:143]                                              dphi_a1 = -5.6152e12
[TRACE(2) nocedal:148]                                              Satisfies curvature
[TRACE(2) nocedal:149]                                              Returning alpha = 1.0649e-5 falpha = 2.0172e7
[INFO (2) nocedal:51]                                           * Leaving search
[INFO (2) augmented_lagrangian:499]                             * Entering grad
[TRACE(2) augmented_lagrangian:211]                                 Evaluated inequality constraint gradient norm: 0.0000e0
[INFO (2) augmented_lagrangian:499]                             * Leaving grad
[INFO (2) mod:49]                                           * Leaving search
[INFO (2) conjugate_gradient:87]                            * Entering update_direction
[TRACE(2) conjugate_gradient:99]                                norm_grad_fk1 = 6.0703e6 norm_grad_fk = 1.0191e6
[DEBUG(2) conjugate_gradient:123]                               Applying polak-ribiere update
[DEBUG(2) conjugate_gradient:134]                               beta = 0.0000e0
[INFO (2) conjugate_gradient:87]                            * Leaving update_direction
[INFO (2) conjugate_gradient:139]                           * Entering is_converged
[INFO (2) conjugate_gradient:139]                           * Leaving is_converged
[INFO (2) conjugate_gradient:166]                           ======================================================================== i = 2
[TRACE(2) conjugate_gradient:167]                           Current solution: |    68.94857618617155   -43.30665967598672   3.0146099291744077 0.042595532919619004  0.04259454569798142 |

[INFO (2) conjugate_gradient:168]                           Current values: fx=2.0172e7, norm_grad_fx=1.0191e6
[INFO (2) conjugate_gradient:169]                           Convergence measures:
[INFO (2) conjugate_gradient:171]                           ||∇f(k)|| / ||∇f(0)|| = 1.6788e-1
[INFO (2) conjugate_gradient:67]                            * Entering apply_restart
[INFO (2) conjugate_gradient:67]                            * Leaving apply_restart
[INFO (2) utils:321]                                        * Entering initial_step
[TRACE(2) utils:329]                                            phi1 = 2.0172e7, phi0 = 2.1204e8 dphi1 = -1.0385e12
[TRACE(2) utils:334]                                            stp1 = 1.0000e0 stp2 = 3.7320e-4
[TRACE(2) utils:335]                                            returning 3.7320e-4
[INFO (2) utils:321]                                        * Leaving initial_step
[INFO (2) mod:49]                                           * Entering search
[TRACE(2) mod:59]                                               Running with parameters:
[TRACE(2) mod:60]                                               iter_data: fx=2.0172e7, norm_grad_fx=1.0191e6
[TRACE(2) mod:61]                                               alpha_init: 0.0003732024414423957
[INFO (2) common:30]                                            * Entering new
[INFO (2) common:30]                                            * Leaving new
[INFO (2) factory:30]                                           * Entering create
[INFO (2) nocedal:37]                                               * Entering new
[INFO (2) nocedal:37]                                               * Leaving new
[INFO (2) factory:30]                                           * Leaving create
[INFO (2) nocedal:51]                                           * Entering search
[TRACE(2) nocedal:60]                                               Entering with phi0 = 2.0172e7 dphi0 = -1.0385e12
[INFO (2) common:56]                                                * Entering eval
[INFO (2) augmented_lagrangian:475]                                     * Entering eval
[TRACE(2) augmented_lagrangian:190]                                         Evaluated inequality constraint value: 3.2984e4
[INFO (2) augmented_lagrangian:475]                                     * Leaving eval
[INFO (2) common:56]                                                * Leaving eval
[TRACE(2) nocedal:80]                                               --------------------------------------- nocedal it = 0
[TRACE(2) nocedal:81]                                               alpha0 = 0.0000e0 alpha1 = 3.7320e-4
[TRACE(2) nocedal:82]                                               phi_a0 = 2.0172e7 phi1 4.6046e9
[TRACE(2) nocedal:83]                                               dphi_aa0 = -1.0385e12 dphi1 0.0000e0
[INFO (2) utils:263]                                                * Entering satisfies_armijo
[TRACE(2) utils:273]                                                    armijo: left = 4.6046e9 right = 2.0133e7
[TRACE(2) utils:274]                                                    Satisfies Armijo false
[INFO (2) utils:263]                                                * Leaving satisfies_armijo
[TRACE(2) nocedal:103]                                              Does not satisfy armijo
[INFO (2) nocedal:225]                                              * Entering zoom
[TRACE(2) nocedal:242]                                                  Entering with a_lo = 0.0000e0 a_hi = 3.7320e-4 phi_lo = 2.0172e7 phi_hi = 4.6046e9
[TRACE(2) nocedal:243]                                                  phi0 = 2.0172e7 dphi0 = -1.0385e12 c1 = 1.0000e-4 c2 = 4.0000e-1
[DEBUG(2) nocedal:256]                                                  ...............zoom iter = 0
[TRACE(2) nocedal:257]                                                  cchk = 0.0000e0  qchk = 0.0000e0
[TRACE(2) nocedal:272]                                                  dalpha = 3.7320e-4 a_lo = 0.0000e0 a_hi = 3.7320e-4
[TRACE(2) nocedal:294]                                                  trying quadratic interpolation
[INFO (2) utils:27]                                                     * Entering quadmin
[TRACE(2) utils:37]                                                         Entering with phi_a = 2.0172e7, phi_b = 4.6046e9, dphi_a = -1.0385e12, b = 3.7320e-4
[TRACE(2) utils:44]                                                         db = 3.7320e-4
[TRACE(2) utils:57]                                                         beta = 3.5698e16
[ERROR(2) utils:70]                                                         Returning alpha_min = 1.4546e-5
[INFO (2) utils:27]                                                     * Leaving quadmin
[TRACE(2) nocedal:303]                                                  Trying bisection
[TRACE(2) nocedal:311]                                                  New value of a_j = 1.8660e-4
[INFO (2) common:56]                                                    * Entering eval
[INFO (2) augmented_lagrangian:475]                                         * Entering eval
[TRACE(2) augmented_lagrangian:190]                                             Evaluated inequality constraint value: 5.4025e3
[INFO (2) augmented_lagrangian:475]                                         * Leaving eval
[INFO (2) common:56]                                                    * Leaving eval
[INFO (2) utils:263]                                                    * Entering satisfies_armijo
[TRACE(2) utils:273]                                                        armijo: left = 9.0671e7 right = 2.0153e7
[TRACE(2) utils:274]                                                        Satisfies Armijo false
[INFO (2) utils:263]                                                    * Leaving satisfies_armijo
[TRACE(2) nocedal:322]                                                  Failed armijo condition with true true
[DEBUG(2) nocedal:256]                                                  ...............zoom iter = 1
[TRACE(2) nocedal:257]                                                  cchk = 0.0000e0  qchk = 3.7320e-5
[TRACE(2) nocedal:272]                                                  dalpha = 1.8660e-4 a_lo = 0.0000e0 a_hi = 1.8660e-4
[TRACE(2) nocedal:281]                                                  trying cubic interpolation
[INFO (2) utils:150]                                                    * Entering cubicmin3
[TRACE(2) utils:162]                                                        Enterin with a = 0.0000e0, b = 1.8660e-4, c = 3.7320e-4
[TRACE(2) utils:163]                                                        phi_a = 2.0172e7, phi_b = 9.0671e7, phi_c = 4.6046e9
[TRACE(2) utils:169]                                                        db = 1.8660e-4, dc = 3.7320e-4, denom = -9.0497e-19
[ERROR(2) utils:204]                                                        Returning alpha_min = 1.1143e-4
[INFO (2) utils:150]                                                    * Leaving cubicmin3
[TRACE(2) nocedal:311]                                                  New value of a_j = 1.1143e-4
[INFO (2) common:56]                                                    * Entering eval
[INFO (2) augmented_lagrangian:475]                                         * Entering eval
[TRACE(2) augmented_lagrangian:190]                                             Evaluated inequality constraint value: 8.9700e2
[INFO (2) augmented_lagrangian:475]                                         * Leaving eval
[INFO (2) common:56]                                                    * Leaving eval
[INFO (2) utils:263]                                                    * Entering satisfies_armijo
[TRACE(2) utils:273]                                                        armijo: left = 1.1562e6 right = 2.0160e7
[TRACE(2) utils:274]                                                        Satisfies Armijo true
[INFO (2) utils:263]                                                    * Leaving satisfies_armijo
[TRACE(2) nocedal:332]                                                  Passed armijo condition
[INFO (2) common:66]                                                    * Entering diff
[INFO (2) augmented_lagrangian:499]                                         * Entering grad
[TRACE(2) augmented_lagrangian:211]                                             Evaluated inequality constraint gradient norm: 4.2356e1
[INFO (2) augmented_lagrangian:499]                                         * Leaving grad
[INFO (2) common:66]                                                    * Leaving diff
[TRACE(2) nocedal:338]                                                  Passed curvature condition
[ERROR(2) nocedal:339]                                                  Returning a_j = 1.1143e-4 phi_aj = 1.1562e6 dphi_aj = 1.1798e11
[INFO (2) nocedal:225]                                              * Leaving zoom
[ERROR(2) nocedal:132]                                              Leaving with 1.1143e-4 1.1562e6 1.1798e11
[INFO (2) nocedal:51]                                           * Leaving search
[INFO (2) augmented_lagrangian:499]                             * Entering grad
[TRACE(2) augmented_lagrangian:211]                                 Evaluated inequality constraint gradient norm: 4.2356e1
[INFO (2) augmented_lagrangian:499]                             * Leaving grad
[INFO (2) mod:49]                                           * Leaving search
[INFO (2) conjugate_gradient:87]                            * Entering update_direction
[TRACE(2) conjugate_gradient:99]                                norm_grad_fk1 = 1.0191e6 norm_grad_fk = 1.3611e5
[DEBUG(2) conjugate_gradient:123]                               Applying polak-ribiere update
[DEBUG(2) conjugate_gradient:134]                               beta = 1.3144e-1
[INFO (2) conjugate_gradient:87]                            * Leaving update_direction
[INFO (2) conjugate_gradient:139]                           * Entering is_converged
[INFO (2) conjugate_gradient:139]                           * Leaving is_converged
[INFO (2) conjugate_gradient:166]                           ======================================================================== i = 3
[TRACE(2) conjugate_gradient:167]                           Current solution: | -22.355551545363085  24.210608299021075  3.1665395451031655 0.48265249628586676 0.48265163995189175 |

[INFO (2) conjugate_gradient:168]                           Current values: fx=1.1562e6, norm_grad_fx=1.3611e5
[INFO (2) conjugate_gradient:169]                           Convergence measures:
[INFO (2) conjugate_gradient:171]                           ||∇f(k)|| / ||∇f(0)|| = 2.2423e-2
[INFO (2) conjugate_gradient:67]                            * Entering apply_restart
[INFO (2) conjugate_gradient:67]                            * Leaving apply_restart
[INFO (2) utils:321]                                        * Entering initial_step
[TRACE(2) utils:329]                                            phi1 = 1.1562e6, phi0 = 2.0172e7 dphi1 = -3.0192e9
[TRACE(2) utils:334]                                            stp1 = 1.0000e0 stp2 = 1.2722e-2
[TRACE(2) utils:335]                                            returning 1.2722e-2
[INFO (2) utils:321]                                        * Leaving initial_step
[INFO (2) mod:49]                                           * Entering search
[TRACE(2) mod:59]                                               Running with parameters:
[TRACE(2) mod:60]                                               iter_data: fx=1.1562e6, norm_grad_fx=1.3611e5
[TRACE(2) mod:61]                                               alpha_init: 0.012722356817485982
[INFO (2) common:30]                                            * Entering new
[INFO (2) common:30]                                            * Leaving new
[INFO (2) factory:30]                                           * Entering create
[INFO (2) nocedal:37]                                               * Entering new
[INFO (2) nocedal:37]                                               * Leaving new
[INFO (2) factory:30]                                           * Leaving create
[INFO (2) nocedal:51]                                           * Entering search
[TRACE(2) nocedal:60]                                               Entering with phi0 = 1.1562e6 dphi0 = -3.0192e9
[INFO (2) common:56]                                                * Entering eval
[INFO (2) augmented_lagrangian:475]                                     * Entering eval
[TRACE(2) augmented_lagrangian:190]                                         Evaluated inequality constraint value: 0.0000e0
[INFO (2) augmented_lagrangian:475]                                     * Leaving eval
[INFO (2) common:56]                                                * Leaving eval
[TRACE(2) nocedal:80]                                               --------------------------------------- nocedal it = 0
[TRACE(2) nocedal:81]                                               alpha0 = 0.0000e0 alpha1 = 1.2722e-2
[TRACE(2) nocedal:82]                                               phi_a0 = 1.1562e6 phi1 6.1420e11
[TRACE(2) nocedal:83]                                               dphi_aa0 = -3.0192e9 dphi1 0.0000e0
[INFO (2) utils:263]                                                * Entering satisfies_armijo
[TRACE(2) utils:273]                                                    armijo: left = 6.1420e11 right = 1.1524e6
[TRACE(2) utils:274]                                                    Satisfies Armijo false
[INFO (2) utils:263]                                                * Leaving satisfies_armijo
[TRACE(2) nocedal:103]                                              Does not satisfy armijo
[INFO (2) nocedal:225]                                              * Entering zoom
[TRACE(2) nocedal:242]                                                  Entering with a_lo = 0.0000e0 a_hi = 1.2722e-2 phi_lo = 1.1562e6 phi_hi = 6.1420e11
[TRACE(2) nocedal:243]                                                  phi0 = 1.1562e6 dphi0 = -3.0192e9 c1 = 1.0000e-4 c2 = 4.0000e-1
[DEBUG(2) nocedal:256]                                                  ...............zoom iter = 0
[TRACE(2) nocedal:257]                                                  cchk = 0.0000e0  qchk = 0.0000e0
[TRACE(2) nocedal:272]                                                  dalpha = 1.2722e-2 a_lo = 0.0000e0 a_hi = 1.2722e-2
[TRACE(2) nocedal:294]                                                  trying quadratic interpolation
[INFO (2) utils:27]                                                     * Entering quadmin
[TRACE(2) utils:37]                                                         Entering with phi_a = 1.1562e6, phi_b = 6.1420e11, dphi_a = -3.0192e9, b = 1.2722e-2
[TRACE(2) utils:44]                                                         db = 1.2722e-2
[TRACE(2) utils:57]                                                         beta = 3.7949e15
[ERROR(2) utils:70]                                                         Returning alpha_min = 3.9780e-7
[INFO (2) utils:27]                                                     * Leaving quadmin
[TRACE(2) nocedal:303]                                                  Trying bisection
[TRACE(2) nocedal:311]                                                  New value of a_j = 6.3612e-3
[INFO (2) common:56]                                                    * Entering eval
[INFO (2) augmented_lagrangian:475]                                         * Entering eval
[TRACE(2) augmented_lagrangian:190]                                             Evaluated inequality constraint value: 0.0000e0
[INFO (2) augmented_lagrangian:475]                                         * Leaving eval
[INFO (2) common:56]                                                    * Leaving eval
[INFO (2) utils:263]                                                    * Entering satisfies_armijo
[TRACE(2) utils:273]                                                        armijo: left = 4.0648e10 right = 1.1543e6
[TRACE(2) utils:274]                                                        Satisfies Armijo false
[INFO (2) utils:263]                                                    * Leaving satisfies_armijo
[TRACE(2) nocedal:322]                                                  Failed armijo condition with true true
[DEBUG(2) nocedal:256]                                                  ...............zoom iter = 1
[TRACE(2) nocedal:257]                                                  cchk = 0.0000e0  qchk = 1.2722e-3
[TRACE(2) nocedal:272]                                                  dalpha = 6.3612e-3 a_lo = 0.0000e0 a_hi = 6.3612e-3
[TRACE(2) nocedal:281]                                                  trying cubic interpolation
[INFO (2) utils:150]                                                    * Entering cubicmin3
[TRACE(2) utils:162]                                                        Enterin with a = 0.0000e0, b = 6.3612e-3, c = 1.2722e-2
[TRACE(2) utils:163]                                                        phi_a = 1.1562e6, phi_b = 4.0648e10, phi_c = 6.1420e11
[TRACE(2) utils:169]                                                        db = 6.3612e-3, dc = 1.2722e-2, denom = -4.1663e-11
[ERROR(2) utils:204]                                                        Returning alpha_min = 2.7140e-3
[INFO (2) utils:150]                                                    * Leaving cubicmin3
[TRACE(2) nocedal:311]                                                  New value of a_j = 2.7140e-3
[INFO (2) common:56]                                                    * Entering eval
[INFO (2) augmented_lagrangian:475]                                         * Entering eval
[TRACE(2) augmented_lagrangian:190]                                             Evaluated inequality constraint value: 0.0000e0
[INFO (2) augmented_lagrangian:475]                                         * Leaving eval
[INFO (2) common:56]                                                    * Leaving eval
[INFO (2) utils:263]                                                    * Entering satisfies_armijo
[TRACE(2) utils:273]                                                        armijo: left = 1.5781e9 right = 1.1554e6
[TRACE(2) utils:274]                                                        Satisfies Armijo false
[INFO (2) utils:263]                                                    * Leaving satisfies_armijo
[TRACE(2) nocedal:322]                                                  Failed armijo condition with true true
[DEBUG(2) nocedal:256]                                                  ...............zoom iter = 2
[TRACE(2) nocedal:257]                                                  cchk = 1.2722e-3  qchk = 1.2722e-3
[TRACE(2) nocedal:272]                                                  dalpha = 2.7140e-3 a_lo = 0.0000e0 a_hi = 2.7140e-3
[TRACE(2) nocedal:281]                                                  trying cubic interpolation
[INFO (2) utils:150]                                                    * Entering cubicmin3
[TRACE(2) utils:162]                                                        Enterin with a = 0.0000e0, b = 2.7140e-3, c = 6.3612e-3
[TRACE(2) utils:163]                                                        phi_a = 1.1562e6, phi_b = 1.5781e9, phi_c = 4.0648e10
[TRACE(2) utils:169]                                                        db = 2.7140e-3, dc = 6.3612e-3, denom = -1.0871e-12
[ERROR(2) utils:204]                                                        Returning alpha_min = 1.1509e-3
[INFO (2) utils:150]                                                    * Leaving cubicmin3
[TRACE(2) nocedal:311]                                                  New value of a_j = 1.1509e-3
[INFO (2) common:56]                                                    * Entering eval
[INFO (2) augmented_lagrangian:475]                                         * Entering eval
[TRACE(2) augmented_lagrangian:190]                                             Evaluated inequality constraint value: 5.3272e1
[INFO (2) augmented_lagrangian:475]                                         * Leaving eval
[INFO (2) common:56]                                                    * Leaving eval
[INFO (2) utils:263]                                                    * Entering satisfies_armijo
[TRACE(2) utils:273]                                                        armijo: left = 7.3705e7 right = 1.1559e6
[TRACE(2) utils:274]                                                        Satisfies Armijo false
[INFO (2) utils:263]                                                    * Leaving satisfies_armijo
[TRACE(2) nocedal:322]                                                  Failed armijo condition with true true
[DEBUG(2) nocedal:256]                                                  ...............zoom iter = 3
[TRACE(2) nocedal:257]                                                  cchk = 5.4281e-4  qchk = 1.2722e-3
[TRACE(2) nocedal:272]                                                  dalpha = 1.1509e-3 a_lo = 0.0000e0 a_hi = 1.1509e-3
[TRACE(2) nocedal:281]                                                  trying cubic interpolation
[INFO (2) utils:150]                                                    * Entering cubicmin3
[TRACE(2) utils:162]                                                        Enterin with a = 0.0000e0, b = 1.1509e-3, c = 2.7140e-3
[TRACE(2) utils:163]                                                        phi_a = 1.1562e6, phi_b = 7.3705e7, phi_c = 1.5781e9
[TRACE(2) utils:169]                                                        db = 1.1509e-3, dc = 2.7140e-3, denom = -1.5251e-14
[ERROR(2) utils:204]                                                        Returning alpha_min = 4.1238e-4
[INFO (2) utils:150]                                                    * Leaving cubicmin3
[TRACE(2) nocedal:311]                                                  New value of a_j = 4.1238e-4
[INFO (2) common:56]                                                    * Entering eval
[INFO (2) augmented_lagrangian:475]                                         * Entering eval
[TRACE(2) augmented_lagrangian:190]                                             Evaluated inequality constraint value: 4.7671e2
[INFO (2) augmented_lagrangian:475]                                         * Leaving eval
[INFO (2) common:56]                                                    * Leaving eval
[INFO (2) utils:263]                                                    * Entering satisfies_armijo
[TRACE(2) utils:273]                                                        armijo: left = 3.4069e6 right = 1.1561e6
[TRACE(2) utils:274]                                                        Satisfies Armijo false
[INFO (2) utils:263]                                                    * Leaving satisfies_armijo
[TRACE(2) nocedal:322]                                                  Failed armijo condition with true true
[DEBUG(2) nocedal:256]                                                  ...............zoom iter = 4
[TRACE(2) nocedal:257]                                                  cchk = 2.3017e-4  qchk = 1.2722e-3
[TRACE(2) nocedal:272]                                                  dalpha = 4.1238e-4 a_lo = 0.0000e0 a_hi = 4.1238e-4
[TRACE(2) nocedal:281]                                                  trying cubic interpolation
[INFO (2) utils:150]                                                    * Entering cubicmin3
[TRACE(2) utils:162]                                                        Enterin with a = 0.0000e0, b = 4.1238e-4, c = 1.1509e-3
[TRACE(2) utils:163]                                                        phi_a = 1.1562e6, phi_b = 3.4069e6, phi_c = 7.3705e7
[TRACE(2) utils:169]                                                        db = 4.1238e-4, dc = 1.1509e-3, denom = -1.6634e-16
[ERROR(2) utils:204]                                                        Returning alpha_min = 1.4214e-4
[INFO (2) utils:150]                                                    * Leaving cubicmin3
[TRACE(2) nocedal:311]                                                  New value of a_j = 1.4214e-4
[INFO (2) common:56]                                                    * Entering eval
[INFO (2) augmented_lagrangian:475]                                         * Entering eval
[TRACE(2) augmented_lagrangian:190]                                             Evaluated inequality constraint value: 7.3725e2
[INFO (2) augmented_lagrangian:475]                                         * Leaving eval
[INFO (2) common:56]                                                    * Leaving eval
[INFO (2) utils:263]                                                    * Entering satisfies_armijo
[TRACE(2) utils:273]                                                        armijo: left = 9.9221e5 right = 1.1562e6
[TRACE(2) utils:274]                                                        Satisfies Armijo true
[INFO (2) utils:263]                                                    * Leaving satisfies_armijo
[TRACE(2) nocedal:332]                                                  Passed armijo condition
[INFO (2) common:66]                                                    * Entering diff
[INFO (2) augmented_lagrangian:499]                                         * Entering grad
[TRACE(2) augmented_lagrangian:211]                                             Evaluated inequality constraint gradient norm: 3.8399e1
[INFO (2) augmented_lagrangian:499]                                         * Leaving grad
[INFO (2) common:66]                                                    * Leaving diff
[TRACE(2) nocedal:338]                                                  Passed curvature condition
[ERROR(2) nocedal:339]                                                  Returning a_j = 1.4214e-4 phi_aj = 9.9221e5 dphi_aj = 1.1460e9
[INFO (2) nocedal:225]                                              * Leaving zoom
[ERROR(2) nocedal:132]                                              Leaving with 1.4214e-4 9.9221e5 1.1460e9
[INFO (2) nocedal:51]                                           * Leaving search
[INFO (2) augmented_lagrangian:499]                             * Entering grad
[TRACE(2) augmented_lagrangian:211]                                 Evaluated inequality constraint gradient norm: 3.8399e1
[INFO (2) augmented_lagrangian:499]                             * Leaving grad
[INFO (2) mod:49]                                           * Leaving search
[INFO (2) conjugate_gradient:87]                            * Entering update_direction
[TRACE(2) conjugate_gradient:99]                                norm_grad_fk1 = 1.3611e5 norm_grad_fk = 1.0677e5
[DEBUG(2) conjugate_gradient:123]                               Applying polak-ribiere update
[DEBUG(2) conjugate_gradient:134]                               beta = 0.0000e0
[INFO (2) conjugate_gradient:87]                            * Leaving update_direction
[INFO (2) conjugate_gradient:139]                           * Entering is_converged
[INFO (2) conjugate_gradient:139]                           * Leaving is_converged
[INFO (2) conjugate_gradient:166]                           ======================================================================== i = 4
[TRACE(2) conjugate_gradient:167]                           Current solution: | -18.399263320717537   33.89891805645339  3.3734349124395937  1.0465696658837453  1.0465689637963296 |

[INFO (2) conjugate_gradient:168]                           Current values: fx=9.9221e5, norm_grad_fx=1.0677e5
[INFO (2) conjugate_gradient:169]                           Convergence measures:
[INFO (2) conjugate_gradient:171]                           ||∇f(k)|| / ||∇f(0)|| = 1.7589e-2
[INFO (2) conjugate_gradient:67]                            * Entering apply_restart
[INFO (2) conjugate_gradient:67]                            * Leaving apply_restart
[INFO (2) utils:321]                                        * Entering initial_step
[TRACE(2) utils:329]                                            phi1 = 9.9221e5, phi0 = 1.1562e6 dphi1 = -1.1400e10
[TRACE(2) utils:334]                                            stp1 = 1.0000e0 stp2 = 2.9063e-5
[TRACE(2) utils:335]                                            returning 2.9063e-5
[INFO (2) utils:321]                                        * Leaving initial_step
[INFO (2) mod:49]                                           * Entering search
[TRACE(2) mod:59]                                               Running with parameters:
[TRACE(2) mod:60]                                               iter_data: fx=9.9221e5, norm_grad_fx=1.0677e5
[TRACE(2) mod:61]                                               alpha_init: 0.000029062874497070336
[INFO (2) common:30]                                            * Entering new
[INFO (2) common:30]                                            * Leaving new
[INFO (2) factory:30]                                           * Entering create
[INFO (2) nocedal:37]                                               * Entering new
[INFO (2) nocedal:37]                                               * Leaving new
[INFO (2) factory:30]                                           * Leaving create
[INFO (2) nocedal:51]                                           * Entering search
[TRACE(2) nocedal:60]                                               Entering with phi0 = 9.9221e5 dphi0 = -1.1400e10
[INFO (2) common:56]                                                * Entering eval
[INFO (2) augmented_lagrangian:475]                                     * Entering eval
[TRACE(2) augmented_lagrangian:190]                                         Evaluated inequality constraint value: 6.3851e2
[INFO (2) augmented_lagrangian:475]                                     * Leaving eval
[INFO (2) common:56]                                                * Leaving eval
[TRACE(2) nocedal:80]                                               --------------------------------------- nocedal it = 0
[TRACE(2) nocedal:81]                                               alpha0 = 0.0000e0 alpha1 = 2.9063e-5
[TRACE(2) nocedal:82]                                               phi_a0 = 9.9221e5 phi1 7.0140e5
[TRACE(2) nocedal:83]                                               dphi_aa0 = -1.1400e10 dphi1 0.0000e0
[INFO (2) utils:263]                                                * Entering satisfies_armijo
[TRACE(2) utils:273]                                                    armijo: left = 7.0140e5 right = 9.9218e5
[TRACE(2) utils:274]                                                    Satisfies Armijo true
[INFO (2) utils:263]                                                * Leaving satisfies_armijo
[INFO (2) common:66]                                                * Entering diff
[INFO (2) augmented_lagrangian:499]                                     * Entering grad
[TRACE(2) augmented_lagrangian:211]                                         Evaluated inequality constraint gradient norm: 3.5735e1
[INFO (2) augmented_lagrangian:499]                                     * Leaving grad
[INFO (2) common:66]                                                * Leaving diff
[TRACE(2) nocedal:143]                                              dphi_a1 = -8.6957e9
[TRACE(2) nocedal:203]                                              Doubling alpha for next iteration to 5.8126e-5
[INFO (2) common:56]                                                * Entering eval
[INFO (2) augmented_lagrangian:475]                                     * Entering eval
[TRACE(2) augmented_lagrangian:190]                                         Evaluated inequality constraint value: 5.4687e2
[INFO (2) augmented_lagrangian:475]                                     * Leaving eval
[INFO (2) common:56]                                                * Leaving eval
[TRACE(2) nocedal:80]                                               --------------------------------------- nocedal it = 1
[TRACE(2) nocedal:81]                                               alpha0 = 2.9063e-5 alpha1 = 5.8126e-5
[TRACE(2) nocedal:82]                                               phi_a0 = 7.0140e5 phi1 4.8216e5
[TRACE(2) nocedal:83]                                               dphi_aa0 = -8.6957e9 dphi1 -8.6957e9
[INFO (2) utils:263]                                                * Entering satisfies_armijo
[TRACE(2) utils:273]                                                    armijo: left = 4.8216e5 right = 9.9215e5
[TRACE(2) utils:274]                                                    Satisfies Armijo true
[INFO (2) utils:263]                                                * Leaving satisfies_armijo
[INFO (2) common:66]                                                * Entering diff
[INFO (2) augmented_lagrangian:499]                                     * Entering grad
[TRACE(2) augmented_lagrangian:211]                                         Evaluated inequality constraint gradient norm: 3.3072e1
[INFO (2) augmented_lagrangian:499]                                     * Leaving grad
[INFO (2) common:66]                                                * Leaving diff
[TRACE(2) nocedal:143]                                              dphi_a1 = -6.4667e9
[TRACE(2) nocedal:203]                                              Doubling alpha for next iteration to 1.1625e-4
[INFO (2) common:56]                                                * Entering eval
[INFO (2) augmented_lagrangian:475]                                     * Entering eval
[TRACE(2) augmented_lagrangian:190]                                         Evaluated inequality constraint value: 3.8487e2
[INFO (2) augmented_lagrangian:475]                                     * Leaving eval
[INFO (2) common:56]                                                * Leaving eval
[TRACE(2) nocedal:80]                                               --------------------------------------- nocedal it = 2
[TRACE(2) nocedal:81]                                               alpha0 = 5.8126e-5 alpha1 = 1.1625e-4
[TRACE(2) nocedal:82]                                               phi_a0 = 4.8216e5 phi1 2.0723e5
[TRACE(2) nocedal:83]                                               dphi_aa0 = -6.4667e9 dphi1 -6.4667e9
[INFO (2) utils:263]                                                * Entering satisfies_armijo
[TRACE(2) utils:273]                                                    armijo: left = 2.0723e5 right = 9.9208e5
[TRACE(2) utils:274]                                                    Satisfies Armijo true
[INFO (2) utils:263]                                                * Leaving satisfies_armijo
[INFO (2) common:66]                                                * Entering diff
[INFO (2) augmented_lagrangian:499]                                     * Entering grad
[TRACE(2) augmented_lagrangian:211]                                         Evaluated inequality constraint gradient norm: 2.7744e1
[INFO (2) augmented_lagrangian:499]                                     * Leaving grad
[INFO (2) common:66]                                                * Leaving diff
[TRACE(2) nocedal:143]                                              dphi_a1 = -3.2476e9
[TRACE(2) nocedal:148]                                              Satisfies curvature
[TRACE(2) nocedal:149]                                              Returning alpha = 1.1625e-4 falpha = 2.0723e5
[INFO (2) nocedal:51]                                           * Leaving search
[INFO (2) augmented_lagrangian:499]                             * Entering grad
[TRACE(2) augmented_lagrangian:211]                                 Evaluated inequality constraint gradient norm: 2.7744e1
[INFO (2) augmented_lagrangian:499]                             * Leaving grad
[INFO (2) mod:49]                                           * Leaving search
[INFO (2) conjugate_gradient:87]                            * Entering update_direction
[TRACE(2) conjugate_gradient:99]                                norm_grad_fk1 = 1.0677e5 norm_grad_fk = 3.1348e4
[DEBUG(2) conjugate_gradient:123]                               Applying polak-ribiere update
[DEBUG(2) conjugate_gradient:134]                               beta = 0.0000e0
[INFO (2) conjugate_gradient:87]                            * Leaving update_direction
[INFO (2) conjugate_gradient:139]                           * Entering is_converged
[INFO (2) conjugate_gradient:139]                           * Leaving is_converged
[INFO (2) conjugate_gradient:166]                           ======================================================================== i = 5
[TRACE(2) conjugate_gradient:167]                           Current solution: |  -7.74405960009388  27.55155602555339   3.50874306154391 1.3803240086527007 1.3803233850797985 |

[INFO (2) conjugate_gradient:168]                           Current values: fx=2.0723e5, norm_grad_fx=3.1348e4
[INFO (2) conjugate_gradient:169]                           Convergence measures:
[INFO (2) conjugate_gradient:171]                           ||∇f(k)|| / ||∇f(0)|| = 5.1642e-3
[INFO (2) conjugate_gradient:67]                            * Entering apply_restart
[INFO (2) conjugate_gradient:67]                            * Leaving apply_restart
[INFO (2) utils:321]                                        * Entering initial_step
[TRACE(2) utils:329]                                            phi1 = 2.0723e5, phi0 = 9.9221e5 dphi1 = -9.8270e8
[TRACE(2) utils:334]                                            stp1 = 1.0000e0 stp2 = 1.6136e-3
[TRACE(2) utils:335]                                            returning 1.6136e-3
[INFO (2) utils:321]                                        * Leaving initial_step
[INFO (2) mod:49]                                           * Entering search
[TRACE(2) mod:59]                                               Running with parameters:
[TRACE(2) mod:60]                                               iter_data: fx=2.0723e5, norm_grad_fx=3.1348e4
[TRACE(2) mod:61]                                               alpha_init: 0.0016135729650780947
[INFO (2) common:30]                                            * Entering new
[INFO (2) common:30]                                            * Leaving new
[INFO (2) factory:30]                                           * Entering create
[INFO (2) nocedal:37]                                               * Entering new
[INFO (2) nocedal:37]                                               * Leaving new
[INFO (2) factory:30]                                           * Leaving create
[INFO (2) nocedal:51]                                           * Entering search
[TRACE(2) nocedal:60]                                               Entering with phi0 = 2.0723e5 dphi0 = -9.8270e8
[INFO (2) common:56]                                                * Entering eval
[INFO (2) augmented_lagrangian:475]                                     * Entering eval
[TRACE(2) augmented_lagrangian:190]                                         Evaluated inequality constraint value: 0.0000e0
[INFO (2) augmented_lagrangian:475]                                     * Leaving eval
[INFO (2) common:56]                                                * Leaving eval
[TRACE(2) nocedal:80]                                               --------------------------------------- nocedal it = 0
[TRACE(2) nocedal:81]                                               alpha0 = 0.0000e0 alpha1 = 1.6136e-3
[TRACE(2) nocedal:82]                                               phi_a0 = 2.0723e5 phi1 2.0545e5
[TRACE(2) nocedal:83]                                               dphi_aa0 = -9.8270e8 dphi1 0.0000e0
[INFO (2) utils:263]                                                * Entering satisfies_armijo
[TRACE(2) utils:273]                                                    armijo: left = 2.0545e5 right = 2.0707e5
[TRACE(2) utils:274]                                                    Satisfies Armijo true
[INFO (2) utils:263]                                                * Leaving satisfies_armijo
[INFO (2) common:66]                                                * Entering diff
[INFO (2) augmented_lagrangian:499]                                     * Entering grad
[TRACE(2) augmented_lagrangian:211]                                         Evaluated inequality constraint gradient norm: 0.0000e0
[INFO (2) augmented_lagrangian:499]                                     * Leaving grad
[INFO (2) common:66]                                                * Leaving diff
[TRACE(2) nocedal:143]                                              dphi_a1 = 1.0030e9
[TRACE(2) nocedal:160]                                              Curvature is positive 1.0030e9
[INFO (2) nocedal:225]                                              * Entering zoom
[TRACE(2) nocedal:242]                                                  Entering with a_lo = 1.6136e-3 a_hi = 0.0000e0 phi_lo = 2.0545e5 phi_hi = 2.0723e5
[TRACE(2) nocedal:243]                                                  phi0 = 2.0723e5 dphi0 = -9.8270e8 c1 = 1.0000e-4 c2 = 4.0000e-1
[DEBUG(2) nocedal:256]                                                  ...............zoom iter = 0
[TRACE(2) nocedal:257]                                                  cchk = 0.0000e0  qchk = 0.0000e0
[TRACE(2) nocedal:272]                                                  dalpha = -1.6136e-3 a_lo = 1.6136e-3 a_hi = 0.0000e0
[TRACE(2) nocedal:294]                                                  trying quadratic interpolation
[INFO (2) utils:27]                                                     * Entering quadmin
[TRACE(2) utils:37]                                                         Entering with phi_a = 2.0545e5, phi_b = 2.0723e5, dphi_a = 1.0030e9, b = 0.0000e0
[TRACE(2) utils:44]                                                         db = -1.6136e-3
[TRACE(2) utils:57]                                                         beta = 6.2231e11
[ERROR(2) utils:70]                                                         Returning alpha_min = 8.0767e-4
[INFO (2) utils:27]                                                     * Leaving quadmin
[TRACE(2) nocedal:311]                                                  New value of a_j = 8.0767e-4
[INFO (2) common:56]                                                    * Entering eval
[INFO (2) augmented_lagrangian:475]                                         * Entering eval
[TRACE(2) augmented_lagrangian:190]                                             Evaluated inequality constraint value: 4.6779e1
[INFO (2) augmented_lagrangian:475]                                         * Leaving eval
[INFO (2) common:56]                                                    * Leaving eval
[INFO (2) utils:263]                                                    * Entering satisfies_armijo
[TRACE(2) utils:273]                                                        armijo: left = 4.7183e3 right = 2.0715e5
[TRACE(2) utils:274]                                                        Satisfies Armijo true
[INFO (2) utils:263]                                                    * Leaving satisfies_armijo
[TRACE(2) nocedal:332]                                                  Passed armijo condition
[INFO (2) common:66]                                                    * Entering diff
[INFO (2) augmented_lagrangian:499]                                         * Entering grad
[TRACE(2) augmented_lagrangian:211]                                             Evaluated inequality constraint gradient norm: 9.6726e0
[INFO (2) augmented_lagrangian:499]                                         * Leaving grad
[INFO (2) common:66]                                                    * Leaving diff
[TRACE(2) nocedal:338]                                                  Passed curvature condition
[ERROR(2) nocedal:339]                                                  Returning a_j = 8.0767e-4 phi_aj = 4.7183e3 dphi_aj = -6.7457e6
[INFO (2) nocedal:225]                                              * Leaving zoom
[TRACE(2) nocedal:187]                                              Zoom succeeded with result 8.0767e-4 4.7183e3 -6.7457e6
[ERROR(2) nocedal:194]                                              Returning alpha = 8.0767e-4 falpha = 4.7183e3
[INFO (2) nocedal:51]                                           * Leaving search
[INFO (2) augmented_lagrangian:499]                             * Entering grad
[TRACE(2) augmented_lagrangian:211]                                 Evaluated inequality constraint gradient norm: 9.6726e0
[INFO (2) augmented_lagrangian:499]                             * Leaving grad
[INFO (2) mod:49]                                           * Leaving search
[INFO (2) conjugate_gradient:87]                            * Entering update_direction
[TRACE(2) conjugate_gradient:99]                                norm_grad_fk1 = 3.1348e4 norm_grad_fk = 1.7395e3
[DEBUG(2) conjugate_gradient:123]                               Applying polak-ribiere update
[DEBUG(2) conjugate_gradient:134]                               beta = 0.0000e0
[INFO (2) conjugate_gradient:87]                            * Leaving update_direction
[INFO (2) conjugate_gradient:139]                           * Entering is_converged
[INFO (2) conjugate_gradient:139]                           * Leaving is_converged
[INFO (2) conjugate_gradient:220]                           =============================================
[INFO (2) conjugate_gradient:221]                           Converging with reason Rtol
[INFO (2) conjugate_gradient:222]                           Convergence measures:
[INFO (2) conjugate_gradient:224]                           ||∇f(k)|| / ||∇f(0)|| = 2.8657e-4
[INFO (2) conjugate_gradient:225]                           ||∇f(k)|| = 1.7395e3
[INFO (2) conjugate_gradient:226]                           =============================================
[INFO (2) conjugate_gradient:179]                       * Leaving minimize
[INFO (2) augmented_lagrangian:674]                     * Entering update_penalties_shifts
[INFO (2) augmented_lagrangian:294]                         * Entering compute_max_constraint_violation
[TRACE(2) augmented_lagrangian:313]                             Computing inequality constraint value
[TRACE(2) augmented_lagrangian:314]                             values: DMatrix { data: [9.67258203870345], nrows: 1, ncols: 1 }
[TRACE(2) augmented_lagrangian:315]                             shifts: DMatrix { data: [0.0], nrows: 1, ncols: 1 }
[INFO (2) augmented_lagrangian:294]                         * Leaving compute_max_constraint_violation
[TRACE(2) augmented_lagrangian:687]                         constraint_violation_max = inf
[TRACE(2) augmented_lagrangian:688]                         max_violation_k = 9.6726e0
[INFO (2) augmented_lagrangian:330]                         * Entering update_unimproved_constraint_violation_indices
[TRACE(2) augmented_lagrangian:358]                             Updating set of unimproved inequality constraints
[TRACE(2) augmented_lagrangian:371]                             New set of unimproved inequality constraints [] 
[INFO (2) augmented_lagrangian:330]                         * Leaving update_unimproved_constraint_violation_indices
[TRACE(2) augmented_lagrangian:704]                         Constraint improved
[INFO (2) augmented_lagrangian:422]                         * Entering increase_shifts
[TRACE(2) augmented_lagrangian:445]                             Increasing shifts on inequality constraints
[TRACE(2) augmented_lagrangian:457]                             New shifts | 9.67258203870345 |

[INFO (2) augmented_lagrangian:422]                         * Leaving increase_shifts
[INFO (2) augmented_lagrangian:674]                     * Leaving update_penalties_shifts
[INFO (2) augmented_lagrangian:499]                     * Entering grad
[TRACE(2) augmented_lagrangian:211]                         Evaluated inequality constraint gradient norm: 1.9345e1
[INFO (2) augmented_lagrangian:499]                     * Leaving grad
[INFO (2) augmented_lagrangian:616]                     * Entering is_converged
[TRACE(2) augmented_lagrangian:624]                         grad_norm = 1.7396e3 max_constraint_violation = 9.6726e0
[TRACE(2) augmented_lagrangian:636]                         rtol_converged = false
[TRACE(2) augmented_lagrangian:637]                         atol_converged = false
[TRACE(2) augmented_lagrangian:638]                         ctol_converged = false
[INFO (2) augmented_lagrangian:616]                     * Leaving is_converged
[INFO (2) augmented_lagrangian:663]                     ******************************************************************************************** i = 2
[TRACE(2) augmented_lagrangian:664]                     Current solution: |  10.32741796129655 10.083574387885548  4.392397070461338 3.4493630061888716  3.449362831657237 |

[INFO (2) augmented_lagrangian:665]                     Current values: fx=4.7183e3, norm_grad_fx=1.7396e3
[INFO (2) augmented_lagrangian:666]                     Convergence measures:
[INFO (2) augmented_lagrangian:668]                     ||∇f(k)|| / ||∇f(0)|| = 2.8658e-4
[INFO (2) augmented_lagrangian:669]                     Kmax = 9.6726e0
[INFO (2) augmented_lagrangian:569]                     * Entering set_uncon_options
[INFO (2) augmented_lagrangian:275]                         * Entering compute_max_penalty
[INFO (2) augmented_lagrangian:275]                         * Leaving compute_max_penalty
[TRACE(2) augmented_lagrangian:597]                         max_penalty = 1.0000e0 max_violation = 9.6726e0 raw rtol = 9.3559e0
[TRACE(2) augmented_lagrangian:604]                         Setting Unconstrained options rtol = 1.0000e-3  max_iter 50
[INFO (2) augmented_lagrangian:569]                     * Leaving set_uncon_options
[INFO (2) factory:53]                                   * Entering create
[INFO (2) conjugate_gradient:50]                            * Entering new
[INFO (2) augmented_lagrangian:499]                             * Entering grad
[TRACE(2) augmented_lagrangian:211]                                 Evaluated inequality constraint gradient norm: 1.9345e1
[INFO (2) augmented_lagrangian:499]                             * Leaving grad
[INFO (2) conjugate_gradient:50]                            * Leaving new
[INFO (2) factory:53]                                   * Leaving create
[INFO (2) conjugate_gradient:179]                       * Entering minimize
[INFO (2) augmented_lagrangian:475]                         * Entering eval
[TRACE(2) augmented_lagrangian:190]                             Evaluated inequality constraint value: 1.8712e2
[INFO (2) augmented_lagrangian:475]                         * Leaving eval
[INFO (2) augmented_lagrangian:499]                         * Entering grad
[TRACE(2) augmented_lagrangian:211]                             Evaluated inequality constraint gradient norm: 1.9345e1
[INFO (2) augmented_lagrangian:499]                         * Leaving grad
[INFO (2) conjugate_gradient:166]                           ======================================================================== i = 1
[TRACE(2) conjugate_gradient:167]                           Current solution: |  10.32741796129655 10.083574387885548  4.392397070461338 3.4493630061888716  3.449362831657237 |

[INFO (2) conjugate_gradient:168]                           Current values: fx=4.8586e3, norm_grad_fx=1.7396e3
[INFO (2) conjugate_gradient:169]                           Convergence measures:
[INFO (2) conjugate_gradient:171]                           ||∇f(k)|| / ||∇f(0)|| = 1.0000e0
[INFO (2) conjugate_gradient:67]                            * Entering apply_restart
[INFO (2) conjugate_gradient:67]                            * Leaving apply_restart
[INFO (2) utils:321]                                        * Entering initial_step
[TRACE(2) utils:329]                                            phi1 = 4.8586e3, phi0 = 5.7284e3 dphi1 = -3.0263e6
[TRACE(2) utils:334]                                            stp1 = 1.0000e0 stp2 = 5.8059e-4
[TRACE(2) utils:335]                                            returning 5.8059e-4
[INFO (2) utils:321]                                        * Leaving initial_step
[INFO (2) mod:49]                                           * Entering search
[TRACE(2) mod:59]                                               Running with parameters:
[TRACE(2) mod:60]                                               iter_data: fx=4.8586e3, norm_grad_fx=1.7396e3
[TRACE(2) mod:61]                                               alpha_init: 0.000580585439454271
[INFO (2) common:30]                                            * Entering new
[INFO (2) common:30]                                            * Leaving new
[INFO (2) factory:30]                                           * Entering create
[INFO (2) nocedal:37]                                               * Entering new
[INFO (2) nocedal:37]                                               * Leaving new
[INFO (2) factory:30]                                           * Leaving create
[INFO (2) nocedal:51]                                           * Entering search
[TRACE(2) nocedal:60]                                               Entering with phi0 = 4.8586e3 dphi0 = -3.0263e6
[INFO (2) common:56]                                                * Entering eval
[INFO (2) augmented_lagrangian:475]                                     * Entering eval
[TRACE(2) augmented_lagrangian:190]                                         Evaluated inequality constraint value: 1.8690e2
[INFO (2) augmented_lagrangian:475]                                     * Leaving eval
[INFO (2) common:56]                                                * Leaving eval
[TRACE(2) nocedal:80]                                               --------------------------------------- nocedal it = 0
[TRACE(2) nocedal:81]                                               alpha0 = 0.0000e0 alpha1 = 5.8059e-4
[TRACE(2) nocedal:82]                                               phi_a0 = 4.8586e3 phi1 3.3369e3
[TRACE(2) nocedal:83]                                               dphi_aa0 = -3.0263e6 dphi1 0.0000e0
[INFO (2) utils:263]                                                * Entering satisfies_armijo
[TRACE(2) utils:273]                                                    armijo: left = 3.3369e3 right = 4.8584e3
[TRACE(2) utils:274]                                                    Satisfies Armijo true
[INFO (2) utils:263]                                                * Leaving satisfies_armijo
[INFO (2) common:66]                                                * Entering diff
[INFO (2) augmented_lagrangian:499]                                     * Entering grad
[TRACE(2) augmented_lagrangian:211]                                         Evaluated inequality constraint gradient norm: 1.9334e1
[INFO (2) augmented_lagrangian:499]                                     * Leaving grad
[INFO (2) common:66]                                                * Leaving diff
[TRACE(2) nocedal:143]                                              dphi_a1 = -2.2420e6
[TRACE(2) nocedal:203]                                              Doubling alpha for next iteration to 1.1612e-3
[INFO (2) common:56]                                                * Entering eval
[INFO (2) augmented_lagrangian:475]                                     * Entering eval
[TRACE(2) augmented_lagrangian:190]                                         Evaluated inequality constraint value: 1.8669e2
[INFO (2) augmented_lagrangian:475]                                     * Leaving eval
[INFO (2) common:56]                                                * Leaving eval
[TRACE(2) nocedal:80]                                               --------------------------------------- nocedal it = 1
[TRACE(2) nocedal:81]                                               alpha0 = 5.8059e-4 alpha1 = 1.1612e-3
[TRACE(2) nocedal:82]                                               phi_a0 = 3.3369e3 phi1 2.2262e3
[TRACE(2) nocedal:83]                                               dphi_aa0 = -2.2420e6 dphi1 -2.2420e6
[INFO (2) utils:263]                                                * Entering satisfies_armijo
[TRACE(2) utils:273]                                                    armijo: left = 2.2262e3 right = 4.8583e3
[TRACE(2) utils:274]                                                    Satisfies Armijo true
[INFO (2) utils:263]                                                * Leaving satisfies_armijo
[INFO (2) common:66]                                                * Entering diff
[INFO (2) augmented_lagrangian:499]                                     * Entering grad
[TRACE(2) augmented_lagrangian:211]                                         Evaluated inequality constraint gradient norm: 1.9323e1
[INFO (2) augmented_lagrangian:499]                                     * Leaving grad
[INFO (2) common:66]                                                * Leaving diff
[TRACE(2) nocedal:143]                                              dphi_a1 = -1.6081e6
[TRACE(2) nocedal:203]                                              Doubling alpha for next iteration to 2.3223e-3
[INFO (2) common:56]                                                * Entering eval
[INFO (2) augmented_lagrangian:475]                                     * Entering eval
[TRACE(2) augmented_lagrangian:190]                                         Evaluated inequality constraint value: 1.8626e2
[INFO (2) augmented_lagrangian:475]                                     * Leaving eval
[INFO (2) common:56]                                                * Leaving eval
[TRACE(2) nocedal:80]                                               --------------------------------------- nocedal it = 2
[TRACE(2) nocedal:81]                                               alpha0 = 1.1612e-3 alpha1 = 2.3223e-3
[TRACE(2) nocedal:82]                                               phi_a0 = 2.2262e3 phi1 9.1628e2
[TRACE(2) nocedal:83]                                               dphi_aa0 = -1.6081e6 dphi1 -1.6081e6
[INFO (2) utils:263]                                                * Entering satisfies_armijo
[TRACE(2) utils:273]                                                    armijo: left = 9.1628e2 right = 4.8579e3
[TRACE(2) utils:274]                                                    Satisfies Armijo true
[INFO (2) utils:263]                                                * Leaving satisfies_armijo
[INFO (2) common:66]                                                * Entering diff
[INFO (2) augmented_lagrangian:499]                                     * Entering grad
[TRACE(2) augmented_lagrangian:211]                                         Evaluated inequality constraint gradient norm: 1.9301e1
[INFO (2) augmented_lagrangian:499]                                     * Leaving grad
[INFO (2) common:66]                                                * Leaving diff
[TRACE(2) nocedal:143]                                              dphi_a1 = -7.2678e5
[TRACE(2) nocedal:148]                                              Satisfies curvature
[TRACE(2) nocedal:149]                                              Returning alpha = 2.3223e-3 falpha = 9.1628e2
[INFO (2) nocedal:51]                                           * Leaving search
[INFO (2) augmented_lagrangian:499]                             * Entering grad
[TRACE(2) augmented_lagrangian:211]                                 Evaluated inequality constraint gradient norm: 1.9301e1
[INFO (2) augmented_lagrangian:499]                             * Leaving grad
[INFO (2) mod:49]                                           * Leaving search
[INFO (2) conjugate_gradient:87]                            * Entering update_direction
[TRACE(2) conjugate_gradient:99]                                norm_grad_fk1 = 1.7396e3 norm_grad_fk = 4.2729e2
[DEBUG(2) conjugate_gradient:123]                               Applying polak-ribiere update
[DEBUG(2) conjugate_gradient:134]                               beta = 0.0000e0
[INFO (2) conjugate_gradient:87]                            * Leaving update_direction
[INFO (2) conjugate_gradient:139]                           * Entering is_converged
[INFO (2) conjugate_gradient:139]                           * Leaving is_converged
[INFO (2) conjugate_gradient:166]                           ======================================================================== i = 2
[TRACE(2) conjugate_gradient:167]                           Current solution: | 10.372017986574605 10.083568965308446  6.030412108156192  6.060542479533179  6.060542513714118 |

[INFO (2) conjugate_gradient:168]                           Current values: fx=9.1628e2, norm_grad_fx=4.2729e2
[INFO (2) conjugate_gradient:169]                           Convergence measures:
[INFO (2) conjugate_gradient:171]                           ||∇f(k)|| / ||∇f(0)|| = 2.4562e-1
[INFO (2) conjugate_gradient:67]                            * Entering apply_restart
[INFO (2) conjugate_gradient:67]                            * Leaving apply_restart
[INFO (2) utils:321]                                        * Entering initial_step
[TRACE(2) utils:329]                                            phi1 = 9.1628e2, phi0 = 4.8586e3 dphi1 = -1.8258e5
[TRACE(2) utils:334]                                            stp1 = 1.0000e0 stp2 = 4.3617e-2
[TRACE(2) utils:335]                                            returning 4.3617e-2
[INFO (2) utils:321]                                        * Leaving initial_step
[INFO (2) mod:49]                                           * Entering search
[TRACE(2) mod:59]                                               Running with parameters:
[TRACE(2) mod:60]                                               iter_data: fx=9.1628e2, norm_grad_fx=4.2729e2
[TRACE(2) mod:61]                                               alpha_init: 0.04361718580353136
[INFO (2) common:30]                                            * Entering new
[INFO (2) common:30]                                            * Leaving new
[INFO (2) factory:30]                                           * Entering create
[INFO (2) nocedal:37]                                               * Entering new
[INFO (2) nocedal:37]                                               * Leaving new
[INFO (2) factory:30]                                           * Leaving create
[INFO (2) nocedal:51]                                           * Entering search
[TRACE(2) nocedal:60]                                               Entering with phi0 = 9.1628e2 dphi0 = -1.8258e5
[INFO (2) common:56]                                                * Entering eval
[INFO (2) augmented_lagrangian:475]                                     * Entering eval
[TRACE(2) augmented_lagrangian:190]                                         Evaluated inequality constraint value: 1.7053e2
[INFO (2) augmented_lagrangian:475]                                     * Leaving eval
[INFO (2) common:56]                                                * Leaving eval
[TRACE(2) nocedal:80]                                               --------------------------------------- nocedal it = 0
[TRACE(2) nocedal:81]                                               alpha0 = 0.0000e0 alpha1 = 4.3617e-2
[TRACE(2) nocedal:82]                                               phi_a0 = 9.1628e2 phi1 6.5932e3
[TRACE(2) nocedal:83]                                               dphi_aa0 = -1.8258e5 dphi1 0.0000e0
[INFO (2) utils:263]                                                * Entering satisfies_armijo
[TRACE(2) utils:273]                                                    armijo: left = 6.5932e3 right = 9.1548e2
[TRACE(2) utils:274]                                                    Satisfies Armijo false
[INFO (2) utils:263]                                                * Leaving satisfies_armijo
[TRACE(2) nocedal:103]                                              Does not satisfy armijo
[INFO (2) nocedal:225]                                              * Entering zoom
[TRACE(2) nocedal:242]                                                  Entering with a_lo = 0.0000e0 a_hi = 4.3617e-2 phi_lo = 9.1628e2 phi_hi = 6.5932e3
[TRACE(2) nocedal:243]                                                  phi0 = 9.1628e2 dphi0 = -1.8258e5 c1 = 1.0000e-4 c2 = 4.0000e-1
[DEBUG(2) nocedal:256]                                                  ...............zoom iter = 0
[TRACE(2) nocedal:257]                                                  cchk = 0.0000e0  qchk = 0.0000e0
[TRACE(2) nocedal:272]                                                  dalpha = 4.3617e-2 a_lo = 0.0000e0 a_hi = 4.3617e-2
[TRACE(2) nocedal:294]                                                  trying quadratic interpolation
[INFO (2) utils:27]                                                     * Entering quadmin
[TRACE(2) utils:37]                                                         Entering with phi_a = 9.1628e2, phi_b = 6.5932e3, dphi_a = -1.8258e5, b = 4.3617e-2
[TRACE(2) utils:44]                                                         db = 4.3617e-2
[TRACE(2) utils:57]                                                         beta = 7.1699e6
[ERROR(2) utils:70]                                                         Returning alpha_min = 1.2732e-2
[INFO (2) utils:27]                                                     * Leaving quadmin
[TRACE(2) nocedal:311]                                                  New value of a_j = 1.2732e-2
[INFO (2) common:56]                                                    * Entering eval
[INFO (2) augmented_lagrangian:475]                                         * Entering eval
[TRACE(2) augmented_lagrangian:190]                                             Evaluated inequality constraint value: 1.8159e2
[INFO (2) augmented_lagrangian:475]                                         * Leaving eval
[INFO (2) common:56]                                                    * Leaving eval
[INFO (2) utils:263]                                                    * Entering satisfies_armijo
[TRACE(2) utils:273]                                                        armijo: left = 1.8304e2 right = 9.1604e2
[TRACE(2) utils:274]                                                        Satisfies Armijo true
[INFO (2) utils:263]                                                    * Leaving satisfies_armijo
[TRACE(2) nocedal:332]                                                  Passed armijo condition
[INFO (2) common:66]                                                    * Entering diff
[INFO (2) augmented_lagrangian:499]                                         * Entering grad
[TRACE(2) augmented_lagrangian:211]                                             Evaluated inequality constraint gradient norm: 1.9057e1
[INFO (2) augmented_lagrangian:499]                                         * Leaving grad
[INFO (2) common:66]                                                    * Leaving diff
[TRACE(2) nocedal:338]                                                  Passed curvature condition
[ERROR(2) nocedal:339]                                                  Returning a_j = 1.2732e-2 phi_aj = 1.8304e2 dphi_aj = -1.9300e3
[INFO (2) nocedal:225]                                              * Leaving zoom
[ERROR(2) nocedal:132]                                              Leaving with 1.2732e-2 1.8304e2 -1.9300e3
[INFO (2) nocedal:51]                                           * Leaving search
[INFO (2) augmented_lagrangian:499]                             * Entering grad
[TRACE(2) augmented_lagrangian:211]                                 Evaluated inequality constraint gradient norm: 1.9057e1
[INFO (2) augmented_lagrangian:499]                             * Leaving grad
[INFO (2) mod:49]                                           * Leaving search
[INFO (2) conjugate_gradient:87]                            * Entering update_direction
[TRACE(2) conjugate_gradient:99]                                norm_grad_fk1 = 4.2729e2 norm_grad_fk = 1.8505e1
[DEBUG(2) conjugate_gradient:123]                               Applying polak-ribiere update
[DEBUG(2) conjugate_gradient:134]                               beta = 0.0000e0
[INFO (2) conjugate_gradient:87]                            * Leaving update_direction
[INFO (2) conjugate_gradient:139]                           * Entering is_converged
[INFO (2) conjugate_gradient:139]                           * Leaving is_converged
[INFO (2) conjugate_gradient:166]                           ======================================================================== i = 3
[TRACE(2) conjugate_gradient:167]                           Current solution: | 10.615134109864735  10.08353924195293  9.216069211191897  9.174208492723032  9.174208445856243 |

[INFO (2) conjugate_gradient:168]                           Current values: fx=1.8304e2, norm_grad_fx=1.8505e1
[INFO (2) conjugate_gradient:169]                           Convergence measures:
[INFO (2) conjugate_gradient:171]                           ||∇f(k)|| / ||∇f(0)|| = 1.0637e-2
[INFO (2) conjugate_gradient:67]                            * Entering apply_restart
[INFO (2) conjugate_gradient:67]                            * Leaving apply_restart
[INFO (2) utils:321]                                        * Entering initial_step
[TRACE(2) utils:329]                                            phi1 = 1.8304e2, phi0 = 9.1628e2 dphi1 = -3.4243e2
[TRACE(2) utils:334]                                            stp1 = 1.0000e0 stp2 = 4.3254e0
[TRACE(2) utils:335]                                            returning 1.0000e0
[INFO (2) utils:321]                                        * Leaving initial_step
[INFO (2) mod:49]                                           * Entering search
[TRACE(2) mod:59]                                               Running with parameters:
[TRACE(2) mod:60]                                               iter_data: fx=1.8304e2, norm_grad_fx=1.8505e1
[TRACE(2) mod:61]                                               alpha_init: 1
[INFO (2) common:30]                                            * Entering new
[INFO (2) common:30]                                            * Leaving new
[INFO (2) factory:30]                                           * Entering create
[INFO (2) nocedal:37]                                               * Entering new
[INFO (2) nocedal:37]                                               * Leaving new
[INFO (2) factory:30]                                           * Leaving create
[INFO (2) nocedal:51]                                           * Entering search
[TRACE(2) nocedal:60]                                               Entering with phi0 = 1.8304e2 dphi0 = -3.4243e2
[INFO (2) common:56]                                                * Entering eval
[INFO (2) augmented_lagrangian:475]                                     * Entering eval
[TRACE(2) augmented_lagrangian:190]                                         Evaluated inequality constraint value: 4.3342e-1
[INFO (2) augmented_lagrangian:475]                                     * Leaving eval
[INFO (2) common:56]                                                * Leaving eval
[TRACE(2) nocedal:80]                                               --------------------------------------- nocedal it = 0
[TRACE(2) nocedal:81]                                               alpha0 = 0.0000e0 alpha1 = 1.0000e0
[TRACE(2) nocedal:82]                                               phi_a0 = 1.8304e2 phi1 1.2338e5
[TRACE(2) nocedal:83]                                               dphi_aa0 = -3.4243e2 dphi1 0.0000e0
[INFO (2) utils:263]                                                * Entering satisfies_armijo
[TRACE(2) utils:273]                                                    armijo: left = 1.2338e5 right = 1.8301e2
[TRACE(2) utils:274]                                                    Satisfies Armijo false
[INFO (2) utils:263]                                                * Leaving satisfies_armijo
[TRACE(2) nocedal:103]                                              Does not satisfy armijo
[INFO (2) nocedal:225]                                              * Entering zoom
[TRACE(2) nocedal:242]                                                  Entering with a_lo = 0.0000e0 a_hi = 1.0000e0 phi_lo = 1.8304e2 phi_hi = 1.2338e5
[TRACE(2) nocedal:243]                                                  phi0 = 1.8304e2 dphi0 = -3.4243e2 c1 = 1.0000e-4 c2 = 4.0000e-1
[DEBUG(2) nocedal:256]                                                  ...............zoom iter = 0
[TRACE(2) nocedal:257]                                                  cchk = 0.0000e0  qchk = 0.0000e0
[TRACE(2) nocedal:272]                                                  dalpha = 1.0000e0 a_lo = 0.0000e0 a_hi = 1.0000e0
[TRACE(2) nocedal:294]                                                  trying quadratic interpolation
[INFO (2) utils:27]                                                     * Entering quadmin
[TRACE(2) utils:37]                                                         Entering with phi_a = 1.8304e2, phi_b = 1.2338e5, dphi_a = -3.4243e2, b = 1.0000e0
[TRACE(2) utils:44]                                                         db = 1.0000e0
[TRACE(2) utils:57]                                                         beta = 1.2354e5
[ERROR(2) utils:70]                                                         Returning alpha_min = 1.3859e-3
[INFO (2) utils:27]                                                     * Leaving quadmin
[TRACE(2) nocedal:303]                                                  Trying bisection
[TRACE(2) nocedal:311]                                                  New value of a_j = 5.0000e-1
[INFO (2) common:56]                                                    * Entering eval
[INFO (2) augmented_lagrangian:475]                                         * Entering eval
[TRACE(2) augmented_lagrangian:190]                                             Evaluated inequality constraint value: 4.9942e1
[INFO (2) augmented_lagrangian:475]                                         * Leaving eval
[INFO (2) common:56]                                                    * Leaving eval
[INFO (2) utils:263]                                                    * Entering satisfies_armijo
[TRACE(2) utils:273]                                                        armijo: left = 8.8241e3 right = 1.8303e2
[TRACE(2) utils:274]                                                        Satisfies Armijo false
[INFO (2) utils:263]                                                    * Leaving satisfies_armijo
[TRACE(2) nocedal:322]                                                  Failed armijo condition with true true
[DEBUG(2) nocedal:256]                                                  ...............zoom iter = 1
[TRACE(2) nocedal:257]                                                  cchk = 0.0000e0  qchk = 1.0000e-1
[TRACE(2) nocedal:272]                                                  dalpha = 5.0000e-1 a_lo = 0.0000e0 a_hi = 5.0000e-1
[TRACE(2) nocedal:281]                                                  trying cubic interpolation
[INFO (2) utils:150]                                                    * Entering cubicmin3
[TRACE(2) utils:162]                                                        Enterin with a = 0.0000e0, b = 5.0000e-1, c = 1.0000e0
[TRACE(2) utils:163]                                                        phi_a = 1.8304e2, phi_b = 8.8241e3, phi_c = 1.2338e5
[TRACE(2) utils:169]                                                        db = 5.0000e-1, dc = 1.0000e0, denom = -1.2500e-1
[ERROR(2) utils:204]                                                        Returning alpha_min = 2.0344e-1
[INFO (2) utils:150]                                                    * Leaving cubicmin3
[TRACE(2) nocedal:311]                                                  New value of a_j = 2.0344e-1
[INFO (2) common:56]                                                    * Entering eval
[INFO (2) augmented_lagrangian:475]                                         * Entering eval
[TRACE(2) augmented_lagrangian:190]                                             Evaluated inequality constraint value: 1.1812e2
[INFO (2) augmented_lagrangian:475]                                         * Leaving eval
[INFO (2) common:56]                                                    * Leaving eval
[INFO (2) utils:263]                                                    * Entering satisfies_armijo
[TRACE(2) utils:273]                                                        armijo: left = 4.6092e2 right = 1.8304e2
[TRACE(2) utils:274]                                                        Satisfies Armijo false
[INFO (2) utils:263]                                                    * Leaving satisfies_armijo
[TRACE(2) nocedal:322]                                                  Failed armijo condition with true true
[DEBUG(2) nocedal:256]                                                  ...............zoom iter = 2
[TRACE(2) nocedal:257]                                                  cchk = 1.0000e-1  qchk = 1.0000e-1
[TRACE(2) nocedal:272]                                                  dalpha = 2.0344e-1 a_lo = 0.0000e0 a_hi = 2.0344e-1
[TRACE(2) nocedal:281]                                                  trying cubic interpolation
[INFO (2) utils:150]                                                    * Entering cubicmin3
[TRACE(2) utils:162]                                                        Enterin with a = 0.0000e0, b = 2.0344e-1, c = 5.0000e-1
[TRACE(2) utils:163]                                                        phi_a = 1.8304e2, phi_b = 4.6092e2, phi_c = 8.8241e3
[TRACE(2) utils:169]                                                        db = 2.0344e-1, dc = 5.0000e-1, denom = -3.0684e-3
[ERROR(2) utils:204]                                                        Returning alpha_min = 8.8103e-2
[INFO (2) utils:150]                                                    * Leaving cubicmin3
[TRACE(2) nocedal:311]                                                  New value of a_j = 8.8103e-2
[INFO (2) common:56]                                                    * Entering eval
[INFO (2) augmented_lagrangian:475]                                         * Entering eval
[TRACE(2) augmented_lagrangian:190]                                             Evaluated inequality constraint value: 1.5243e2
[INFO (2) augmented_lagrangian:475]                                         * Leaving eval
[INFO (2) common:56]                                                    * Leaving eval
[INFO (2) utils:263]                                                    * Entering satisfies_armijo
[TRACE(2) utils:273]                                                        armijo: left = 1.7683e2 right = 1.8304e2
[TRACE(2) utils:274]                                                        Satisfies Armijo true
[INFO (2) utils:263]                                                    * Leaving satisfies_armijo
[TRACE(2) nocedal:332]                                                  Passed armijo condition
[INFO (2) common:66]                                                    * Entering diff
[INFO (2) augmented_lagrangian:499]                                         * Entering grad
[TRACE(2) augmented_lagrangian:211]                                             Evaluated inequality constraint gradient norm: 1.7460e1
[INFO (2) augmented_lagrangian:499]                                         * Leaving grad
[INFO (2) common:66]                                                    * Leaving diff
[DEBUG(2) nocedal:256]                                                  ...............zoom iter = 3
[TRACE(2) nocedal:257]                                                  cchk = 4.0687e-2  qchk = 1.0000e-1
[TRACE(2) nocedal:272]                                                  dalpha = -8.8103e-2 a_lo = 8.8103e-2 a_hi = 0.0000e0
[TRACE(2) nocedal:281]                                                  trying cubic interpolation
[INFO (2) utils:150]                                                    * Entering cubicmin3
[TRACE(2) utils:162]                                                        Enterin with a = 8.8103e-2, b = 0.0000e0, c = 2.0344e-1
[TRACE(2) utils:163]                                                        phi_a = 1.7683e2, phi_b = 1.8304e2, phi_c = 4.6092e2
[TRACE(2) utils:169]                                                        db = -8.8103e-2, dc = 1.1533e-1, denom = -2.1005e-5
[ERROR(2) utils:204]                                                        Returning alpha_min = 6.1655e-2
[INFO (2) utils:150]                                                    * Leaving cubicmin3
[TRACE(2) nocedal:311]                                                  New value of a_j = 6.1655e-2
[INFO (2) common:56]                                                    * Entering eval
[INFO (2) augmented_lagrangian:475]                                         * Entering eval
[TRACE(2) augmented_lagrangian:190]                                             Evaluated inequality constraint value: 1.6092e2
[INFO (2) augmented_lagrangian:475]                                         * Leaving eval
[INFO (2) common:56]                                                    * Leaving eval
[INFO (2) utils:263]                                                    * Entering satisfies_armijo
[TRACE(2) utils:273]                                                        armijo: left = 1.7057e2 right = 1.8304e2
[TRACE(2) utils:274]                                                        Satisfies Armijo true
[INFO (2) utils:263]                                                    * Leaving satisfies_armijo
[TRACE(2) nocedal:332]                                                  Passed armijo condition
[INFO (2) common:66]                                                    * Entering diff
[INFO (2) augmented_lagrangian:499]                                         * Entering grad
[TRACE(2) augmented_lagrangian:211]                                             Evaluated inequality constraint gradient norm: 1.7940e1
[INFO (2) augmented_lagrangian:499]                                         * Leaving grad
[INFO (2) common:66]                                                    * Leaving diff
[TRACE(2) nocedal:338]                                                  Passed curvature condition
[ERROR(2) nocedal:339]                                                  Returning a_j = 6.1655e-2 phi_aj = 1.7057e2 dphi_aj = 4.3894e1
[INFO (2) nocedal:225]                                              * Leaving zoom
[ERROR(2) nocedal:132]                                              Leaving with 6.1655e-2 1.7057e2 4.3894e1
[INFO (2) nocedal:51]                                           * Leaving search
[INFO (2) augmented_lagrangian:499]                             * Entering grad
[TRACE(2) augmented_lagrangian:211]                                 Evaluated inequality constraint gradient norm: 1.7940e1
[INFO (2) augmented_lagrangian:499]                             * Leaving grad
[INFO (2) mod:49]                                           * Leaving search
[INFO (2) conjugate_gradient:87]                            * Entering update_direction
[TRACE(2) conjugate_gradient:99]                                norm_grad_fk1 = 1.8505e1 norm_grad_fk = 3.6024e0
[DEBUG(2) conjugate_gradient:123]                               Applying polak-ribiere update
[DEBUG(2) conjugate_gradient:134]                               beta = 1.6608e-1
[INFO (2) conjugate_gradient:87]                            * Leaving update_direction
[INFO (2) conjugate_gradient:139]                           * Entering is_converged
[INFO (2) conjugate_gradient:139]                           * Leaving is_converged
[INFO (2) conjugate_gradient:166]                           ======================================================================== i = 4
[TRACE(2) conjugate_gradient:167]                           Current solution: | 11.732721208544767 10.083395461029877  9.334881904847297  9.313088878272437  9.313088855051609 |

[INFO (2) conjugate_gradient:168]                           Current values: fx=1.7057e2, norm_grad_fx=3.6024e0
[INFO (2) conjugate_gradient:169]                           Convergence measures:
[INFO (2) conjugate_gradient:171]                           ||∇f(k)|| / ||∇f(0)|| = 2.0708e-3
[INFO (2) conjugate_gradient:67]                            * Entering apply_restart
[INFO (2) conjugate_gradient:67]                            * Leaving apply_restart
[INFO (2) utils:321]                                        * Entering initial_step
[TRACE(2) utils:329]                                            phi1 = 1.7057e2, phi0 = 1.8304e2 dphi1 = -5.6874e0
[TRACE(2) utils:334]                                            stp1 = 1.0000e0 stp2 = 4.4290e0
[TRACE(2) utils:335]                                            returning 1.0000e0
[INFO (2) utils:321]                                        * Leaving initial_step
[INFO (2) mod:49]                                           * Entering search
[TRACE(2) mod:59]                                               Running with parameters:
[TRACE(2) mod:60]                                               iter_data: fx=1.7057e2, norm_grad_fx=3.6024e0
[TRACE(2) mod:61]                                               alpha_init: 1
[INFO (2) common:30]                                            * Entering new
[INFO (2) common:30]                                            * Leaving new
[INFO (2) factory:30]                                           * Entering create
[INFO (2) nocedal:37]                                               * Entering new
[INFO (2) nocedal:37]                                               * Leaving new
[INFO (2) factory:30]                                           * Leaving create
[INFO (2) nocedal:51]                                           * Entering search
[TRACE(2) nocedal:60]                                               Entering with phi0 = 1.7057e2 dphi0 = -5.6874e0
[INFO (2) common:56]                                                * Entering eval
[INFO (2) augmented_lagrangian:475]                                     * Entering eval
[TRACE(2) augmented_lagrangian:190]                                         Evaluated inequality constraint value: 1.5839e2
[INFO (2) augmented_lagrangian:475]                                     * Leaving eval
[INFO (2) common:56]                                                * Leaving eval
[TRACE(2) nocedal:80]                                               --------------------------------------- nocedal it = 0
[TRACE(2) nocedal:81]                                               alpha0 = 0.0000e0 alpha1 = 1.0000e0
[TRACE(2) nocedal:82]                                               phi_a0 = 1.7057e2 phi1 1.7308e2
[TRACE(2) nocedal:83]                                               dphi_aa0 = -5.6874e0 dphi1 0.0000e0
[INFO (2) utils:263]                                                * Entering satisfies_armijo
[TRACE(2) utils:273]                                                    armijo: left = 1.7308e2 right = 1.7057e2
[TRACE(2) utils:274]                                                    Satisfies Armijo false
[INFO (2) utils:263]                                                * Leaving satisfies_armijo
[TRACE(2) nocedal:103]                                              Does not satisfy armijo
[INFO (2) nocedal:225]                                              * Entering zoom
[TRACE(2) nocedal:242]                                                  Entering with a_lo = 0.0000e0 a_hi = 1.0000e0 phi_lo = 1.7057e2 phi_hi = 1.7308e2
[TRACE(2) nocedal:243]                                                  phi0 = 1.7057e2 dphi0 = -5.6874e0 c1 = 1.0000e-4 c2 = 4.0000e-1
[DEBUG(2) nocedal:256]                                                  ...............zoom iter = 0
[TRACE(2) nocedal:257]                                                  cchk = 0.0000e0  qchk = 0.0000e0
[TRACE(2) nocedal:272]                                                  dalpha = 1.0000e0 a_lo = 0.0000e0 a_hi = 1.0000e0
[TRACE(2) nocedal:294]                                                  trying quadratic interpolation
[INFO (2) utils:27]                                                     * Entering quadmin
[TRACE(2) utils:37]                                                         Entering with phi_a = 1.7057e2, phi_b = 1.7308e2, dphi_a = -5.6874e0, b = 1.0000e0
[TRACE(2) utils:44]                                                         db = 1.0000e0
[TRACE(2) utils:57]                                                         beta = 8.1952e0
[ERROR(2) utils:70]                                                         Returning alpha_min = 3.4699e-1
[INFO (2) utils:27]                                                     * Leaving quadmin
[TRACE(2) nocedal:311]                                                  New value of a_j = 3.4699e-1
[INFO (2) common:56]                                                    * Entering eval
[INFO (2) augmented_lagrangian:475]                                         * Entering eval
[TRACE(2) augmented_lagrangian:190]                                             Evaluated inequality constraint value: 1.6004e2
[INFO (2) augmented_lagrangian:475]                                         * Leaving eval
[INFO (2) common:56]                                                    * Leaving eval
[INFO (2) utils:263]                                                    * Entering satisfies_armijo
[TRACE(2) utils:273]                                                        armijo: left = 1.7012e2 right = 1.7057e2
[TRACE(2) utils:274]                                                        Satisfies Armijo true
[INFO (2) utils:263]                                                    * Leaving satisfies_armijo
[TRACE(2) nocedal:332]                                                  Passed armijo condition
[INFO (2) common:66]                                                    * Entering diff
[INFO (2) augmented_lagrangian:499]                                         * Entering grad
[TRACE(2) augmented_lagrangian:211]                                             Evaluated inequality constraint gradient norm: 1.7891e1
[INFO (2) augmented_lagrangian:499]                                         * Leaving grad
[INFO (2) common:66]                                                    * Leaving diff
[TRACE(2) nocedal:338]                                                  Passed curvature condition
[ERROR(2) nocedal:339]                                                  Returning a_j = 3.4699e-1 phi_aj = 1.7012e2 dphi_aj = 6.3598e-1
[INFO (2) nocedal:225]                                              * Leaving zoom
[ERROR(2) nocedal:132]                                              Leaving with 3.4699e-1 1.7012e2 6.3598e-1
[INFO (2) nocedal:51]                                           * Leaving search
[INFO (2) augmented_lagrangian:499]                             * Entering grad
[TRACE(2) augmented_lagrangian:211]                                 Evaluated inequality constraint gradient norm: 1.7891e1
[INFO (2) augmented_lagrangian:499]                             * Leaving grad
[INFO (2) mod:49]                                           * Leaving search
[INFO (2) conjugate_gradient:87]                            * Entering update_direction
[TRACE(2) conjugate_gradient:99]                                norm_grad_fk1 = 3.6024e0 norm_grad_fk = 4.7388e0
[DEBUG(2) conjugate_gradient:123]                               Applying polak-ribiere update
[DEBUG(2) conjugate_gradient:134]                               beta = 6.8072e-1
[INFO (2) conjugate_gradient:87]                            * Leaving update_direction
[INFO (2) conjugate_gradient:139]                           * Entering is_converged
[INFO (2) conjugate_gradient:139]                           * Leaving is_converged
[INFO (2) conjugate_gradient:166]                           ======================================================================== i = 5
[TRACE(2) conjugate_gradient:167]                           Current solution: | 11.781852840318857 10.082456045063035  9.854329084365213  9.892766879387636  9.892766923891584 |

[INFO (2) conjugate_gradient:168]                           Current values: fx=1.7012e2, norm_grad_fx=4.7388e0
[INFO (2) conjugate_gradient:169]                           Convergence measures:
[INFO (2) conjugate_gradient:171]                           ||∇f(k)|| / ||∇f(0)|| = 2.7240e-3
[INFO (2) conjugate_gradient:67]                            * Entering apply_restart
[INFO (2) conjugate_gradient:67]                            * Leaving apply_restart
[INFO (2) utils:321]                                        * Entering initial_step
[TRACE(2) utils:329]                                            phi1 = 1.7012e2, phi0 = 1.7057e2 dphi1 = -2.2023e1
[TRACE(2) utils:334]                                            stp1 = 1.0000e0 stp2 = 4.1622e-2
[TRACE(2) utils:335]                                            returning 4.1622e-2
[INFO (2) utils:321]                                        * Leaving initial_step
[INFO (2) mod:49]                                           * Entering search
[TRACE(2) mod:59]                                               Running with parameters:
[TRACE(2) mod:60]                                               iter_data: fx=1.7012e2, norm_grad_fx=4.7388e0
[TRACE(2) mod:61]                                               alpha_init: 0.04162227606094218
[INFO (2) common:30]                                            * Entering new
[INFO (2) common:30]                                            * Leaving new
[INFO (2) factory:30]                                           * Entering create
[INFO (2) nocedal:37]                                               * Entering new
[INFO (2) nocedal:37]                                               * Leaving new
[INFO (2) factory:30]                                           * Leaving create
[INFO (2) nocedal:51]                                           * Entering search
[TRACE(2) nocedal:60]                                               Entering with phi0 = 1.7012e2 dphi0 = -2.2023e1
[INFO (2) common:56]                                                * Entering eval
[INFO (2) augmented_lagrangian:475]                                     * Entering eval
[TRACE(2) augmented_lagrangian:190]                                         Evaluated inequality constraint value: 1.6351e2
[INFO (2) augmented_lagrangian:475]                                     * Leaving eval
[INFO (2) common:56]                                                * Leaving eval
[TRACE(2) nocedal:80]                                               --------------------------------------- nocedal it = 0
[TRACE(2) nocedal:81]                                               alpha0 = 0.0000e0 alpha1 = 4.1622e-2
[TRACE(2) nocedal:82]                                               phi_a0 = 1.7012e2 phi1 1.6988e2
[TRACE(2) nocedal:83]                                               dphi_aa0 = -2.2023e1 dphi1 0.0000e0
[INFO (2) utils:263]                                                * Entering satisfies_armijo
[TRACE(2) utils:273]                                                    armijo: left = 1.6988e2 right = 1.7012e2
[TRACE(2) utils:274]                                                    Satisfies Armijo true
[INFO (2) utils:263]                                                * Leaving satisfies_armijo
[INFO (2) common:66]                                                * Entering diff
[INFO (2) augmented_lagrangian:499]                                     * Entering grad
[TRACE(2) augmented_lagrangian:211]                                         Evaluated inequality constraint gradient norm: 1.8084e1
[INFO (2) augmented_lagrangian:499]                                     * Leaving grad
[INFO (2) common:66]                                                * Leaving diff
[TRACE(2) nocedal:143]                                              dphi_a1 = 9.4962e0
[TRACE(2) nocedal:160]                                              Curvature is positive 9.4962e0
[INFO (2) nocedal:225]                                              * Entering zoom
[TRACE(2) nocedal:242]                                                  Entering with a_lo = 4.1622e-2 a_hi = 0.0000e0 phi_lo = 1.6988e2 phi_hi = 1.7012e2
[TRACE(2) nocedal:243]                                                  phi0 = 1.7012e2 dphi0 = -2.2023e1 c1 = 1.0000e-4 c2 = 4.0000e-1
[DEBUG(2) nocedal:256]                                                  ...............zoom iter = 0
[TRACE(2) nocedal:257]                                                  cchk = 0.0000e0  qchk = 0.0000e0
[TRACE(2) nocedal:272]                                                  dalpha = -4.1622e-2 a_lo = 4.1622e-2 a_hi = 0.0000e0
[TRACE(2) nocedal:294]                                                  trying quadratic interpolation
[INFO (2) utils:27]                                                     * Entering quadmin
[TRACE(2) utils:37]                                                         Entering with phi_a = 1.6988e2, phi_b = 1.7012e2, dphi_a = 9.4962e0, b = 0.0000e0
[TRACE(2) utils:44]                                                         db = -4.1622e-2
[TRACE(2) utils:57]                                                         beta = 3.6457e2
[ERROR(2) utils:70]                                                         Returning alpha_min = 2.8598e-2
[INFO (2) utils:27]                                                     * Leaving quadmin
[TRACE(2) nocedal:311]                                                  New value of a_j = 2.8598e-2
[INFO (2) common:56]                                                    * Entering eval
[INFO (2) augmented_lagrangian:475]                                         * Entering eval
[TRACE(2) augmented_lagrangian:190]                                             Evaluated inequality constraint value: 1.6242e2
[INFO (2) augmented_lagrangian:475]                                         * Leaving eval
[INFO (2) common:56]                                                    * Leaving eval
[INFO (2) utils:263]                                                    * Entering satisfies_armijo
[TRACE(2) utils:273]                                                        armijo: left = 1.6982e2 right = 1.7012e2
[TRACE(2) utils:274]                                                        Satisfies Armijo true
[INFO (2) utils:263]                                                    * Leaving satisfies_armijo
[TRACE(2) nocedal:332]                                                  Passed armijo condition
[INFO (2) common:66]                                                    * Entering diff
[INFO (2) augmented_lagrangian:499]                                         * Entering grad
[TRACE(2) augmented_lagrangian:211]                                             Evaluated inequality constraint gradient norm: 1.8023e1
[INFO (2) augmented_lagrangian:499]                                         * Leaving grad
[INFO (2) common:66]                                                    * Leaving diff
[TRACE(2) nocedal:338]                                                  Passed curvature condition
[ERROR(2) nocedal:339]                                                  Returning a_j = 2.8598e-2 phi_aj = 1.6982e2 dphi_aj = 3.8346e-1
[INFO (2) nocedal:225]                                              * Leaving zoom
[TRACE(2) nocedal:187]                                              Zoom succeeded with result 2.8598e-2 1.6982e2 3.8346e-1
[ERROR(2) nocedal:194]                                              Returning alpha = 2.8598e-2 falpha = 1.6982e2
[INFO (2) nocedal:51]                                           * Leaving search
[INFO (2) augmented_lagrangian:499]                             * Entering grad
[TRACE(2) augmented_lagrangian:211]                                 Evaluated inequality constraint gradient norm: 1.8023e1
[INFO (2) augmented_lagrangian:499]                             * Leaving grad
[INFO (2) mod:49]                                           * Leaving search
[INFO (2) conjugate_gradient:87]                            * Entering update_direction
[TRACE(2) conjugate_gradient:99]                                norm_grad_fk1 = 4.7388e0 norm_grad_fk = 8.5104e-2
[DEBUG(2) conjugate_gradient:123]                               Applying polak-ribiere update
[DEBUG(2) conjugate_gradient:134]                               beta = 1.8215e-2
[INFO (2) conjugate_gradient:87]                            * Leaving update_direction
[INFO (2) conjugate_gradient:139]                           * Entering is_converged
[INFO (2) conjugate_gradient:139]                           * Leaving is_converged
[INFO (2) conjugate_gradient:220]                           =============================================
[INFO (2) conjugate_gradient:221]                           Converging with reason Rtol
[INFO (2) conjugate_gradient:222]                           Convergence measures:
[INFO (2) conjugate_gradient:224]                           ||∇f(k)|| / ||∇f(0)|| = 4.8921e-5
[INFO (2) conjugate_gradient:225]                           ||∇f(k)|| = 8.5104e-2
[INFO (2) conjugate_gradient:226]                           =============================================
[INFO (2) conjugate_gradient:179]                       * Leaving minimize
[INFO (2) augmented_lagrangian:674]                     * Entering update_penalties_shifts
[INFO (2) augmented_lagrangian:294]                         * Entering compute_max_constraint_violation
[TRACE(2) augmented_lagrangian:313]                             Computing inequality constraint value
[TRACE(2) augmented_lagrangian:314]                             values: DMatrix { data: [8.350913133254139], nrows: 1, ncols: 1 }
[TRACE(2) augmented_lagrangian:315]                             shifts: DMatrix { data: [9.67258203870345], nrows: 1, ncols: 1 }
[INFO (2) augmented_lagrangian:294]                         * Leaving compute_max_constraint_violation
[TRACE(2) augmented_lagrangian:687]                         constraint_violation_max = 9.6726e0
[TRACE(2) augmented_lagrangian:688]                         max_violation_k = 8.3509e0
[INFO (2) augmented_lagrangian:330]                         * Entering update_unimproved_constraint_violation_indices
[TRACE(2) augmented_lagrangian:358]                             Updating set of unimproved inequality constraints
[TRACE(2) augmented_lagrangian:371]                             New set of unimproved inequality constraints [0] 
[INFO (2) augmented_lagrangian:330]                         * Leaving update_unimproved_constraint_violation_indices
[TRACE(2) augmented_lagrangian:696]                         Constraint did not improve, increasing penalties
[INFO (2) augmented_lagrangian:378]                         * Entering increase_penalties
[TRACE(2) augmented_lagrangian:404]                             Increasing equality penalties
[TRACE(2) augmented_lagrangian:412]                             Constraint index 0, new penalty 1.0000e1 new_shift 9.6726e-1
[INFO (2) augmented_lagrangian:378]                         * Leaving increase_penalties
[INFO (2) augmented_lagrangian:674]                     * Leaving update_penalties_shifts
[INFO (2) augmented_lagrangian:499]                     * Entering grad
[TRACE(2) augmented_lagrangian:211]                         Evaluated inequality constraint gradient norm: 9.3182e1
[INFO (2) augmented_lagrangian:499]                     * Leaving grad
[INFO (2) augmented_lagrangian:616]                     * Entering is_converged
[TRACE(2) augmented_lagrangian:624]                         grad_norm = 7.5243e1 max_constraint_violation = 8.3509e0
[TRACE(2) augmented_lagrangian:636]                         rtol_converged = true
[TRACE(2) augmented_lagrangian:637]                         atol_converged = false
[TRACE(2) augmented_lagrangian:638]                         ctol_converged = false
[INFO (2) augmented_lagrangian:616]                     * Leaving is_converged
[INFO (2) augmented_lagrangian:663]                     ******************************************************************************************** i = 3
[TRACE(2) augmented_lagrangian:664]                     Current solution: | 11.649086866745861 10.082339209192277  9.883825492183048  9.925429894493073  9.925429942620994 |

[INFO (2) augmented_lagrangian:665]                     Current values: fx=1.6982e2, norm_grad_fx=7.5243e1
[INFO (2) augmented_lagrangian:666]                     Convergence measures:
[INFO (2) augmented_lagrangian:668]                     ||∇f(k)|| / ||∇f(0)|| = 1.2395e-5
[INFO (2) augmented_lagrangian:669]                     Kmax = 8.3509e0
[INFO (2) augmented_lagrangian:569]                     * Entering set_uncon_options
[INFO (2) augmented_lagrangian:275]                         * Entering compute_max_penalty
[INFO (2) augmented_lagrangian:275]                         * Leaving compute_max_penalty
[TRACE(2) augmented_lagrangian:597]                         max_penalty = 1.0000e1 max_violation = 8.3509e0 raw rtol = 6.9738e0
[TRACE(2) augmented_lagrangian:604]                         Setting Unconstrained options rtol = 1.0000e-3  max_iter 50
[INFO (2) augmented_lagrangian:569]                     * Leaving set_uncon_options
[INFO (2) factory:53]                                   * Entering create
[INFO (2) conjugate_gradient:50]                            * Entering new
[INFO (2) augmented_lagrangian:499]                             * Entering grad
[TRACE(2) augmented_lagrangian:211]                                 Evaluated inequality constraint gradient norm: 9.3182e1
[INFO (2) augmented_lagrangian:499]                             * Leaving grad
[INFO (2) conjugate_gradient:50]                            * Leaving new
[INFO (2) factory:53]                                   * Leaving create
[INFO (2) conjugate_gradient:179]                       * Entering minimize
[INFO (2) augmented_lagrangian:475]                         * Entering eval
[TRACE(2) augmented_lagrangian:190]                             Evaluated inequality constraint value: 4.3414e2
[INFO (2) augmented_lagrangian:475]                         * Leaving eval
[INFO (2) augmented_lagrangian:499]                         * Entering grad
[TRACE(2) augmented_lagrangian:211]                             Evaluated inequality constraint gradient norm: 9.3182e1
[INFO (2) augmented_lagrangian:499]                         * Leaving grad
[INFO (2) conjugate_gradient:166]                           ======================================================================== i = 1
[TRACE(2) conjugate_gradient:167]                           Current solution: | 11.649086866745861 10.082339209192277  9.883825492183048  9.925429894493073  9.925429942620994 |

[INFO (2) conjugate_gradient:168]                           Current values: fx=4.4154e2, norm_grad_fx=7.5243e1
[INFO (2) conjugate_gradient:169]                           Convergence measures:
[INFO (2) conjugate_gradient:171]                           ||∇f(k)|| / ||∇f(0)|| = 1.0000e0
[INFO (2) conjugate_gradient:67]                            * Entering apply_restart
[INFO (2) conjugate_gradient:67]                            * Leaving apply_restart
[INFO (2) utils:321]                                        * Entering initial_step
[TRACE(2) utils:329]                                            phi1 = 4.4154e2, phi0 = 4.7916e2 dphi1 = -5.6615e3
[TRACE(2) utils:334]                                            stp1 = 1.0000e0 stp2 = 1.3423e-2
[TRACE(2) utils:335]                                            returning 1.3423e-2
[INFO (2) utils:321]                                        * Leaving initial_step
[INFO (2) mod:49]                                           * Entering search
[TRACE(2) mod:59]                                               Running with parameters:
[TRACE(2) mod:60]                                               iter_data: fx=4.4154e2, norm_grad_fx=7.5243e1
[TRACE(2) mod:61]                                               alpha_init: 0.013423170358004943
[INFO (2) common:30]                                            * Entering new
[INFO (2) common:30]                                            * Leaving new
[INFO (2) factory:30]                                           * Entering create
[INFO (2) nocedal:37]                                               * Entering new
[INFO (2) nocedal:37]                                               * Leaving new
[INFO (2) factory:30]                                           * Leaving create
[INFO (2) nocedal:51]                                           * Entering search
[TRACE(2) nocedal:60]                                               Entering with phi0 = 4.4154e2 dphi0 = -5.6615e3
[INFO (2) common:56]                                                * Entering eval
[INFO (2) augmented_lagrangian:475]                                     * Entering eval
[TRACE(2) augmented_lagrangian:190]                                         Evaluated inequality constraint value: 3.4513e2
[INFO (2) augmented_lagrangian:475]                                     * Leaving eval
[INFO (2) common:56]                                                * Leaving eval
[TRACE(2) nocedal:80]                                               --------------------------------------- nocedal it = 0
[TRACE(2) nocedal:81]                                               alpha0 = 0.0000e0 alpha1 = 1.3423e-2
[TRACE(2) nocedal:82]                                               phi_a0 = 4.4154e2 phi1 3.9512e2
[TRACE(2) nocedal:83]                                               dphi_aa0 = -5.6615e3 dphi1 0.0000e0
[INFO (2) utils:263]                                                * Entering satisfies_armijo
[TRACE(2) utils:273]                                                    armijo: left = 3.9512e2 right = 4.4153e2
[TRACE(2) utils:274]                                                    Satisfies Armijo true
[INFO (2) utils:263]                                                * Leaving satisfies_armijo
[INFO (2) common:66]                                                * Entering diff
[INFO (2) augmented_lagrangian:499]                                     * Entering grad
[TRACE(2) augmented_lagrangian:211]                                         Evaluated inequality constraint gradient norm: 8.3082e1
[INFO (2) augmented_lagrangian:499]                                     * Leaving grad
[INFO (2) common:66]                                                * Leaving diff
[TRACE(2) nocedal:143]                                              dphi_a1 = -5.9253e2
[TRACE(2) nocedal:148]                                              Satisfies curvature
[TRACE(2) nocedal:149]                                              Returning alpha = 1.3423e-2 falpha = 3.9512e2
[INFO (2) nocedal:51]                                           * Leaving search
[INFO (2) augmented_lagrangian:499]                             * Entering grad
[TRACE(2) augmented_lagrangian:211]                                 Evaluated inequality constraint gradient norm: 8.3082e1
[INFO (2) augmented_lagrangian:499]                             * Leaving grad
[INFO (2) mod:49]                                           * Leaving search
[INFO (2) conjugate_gradient:87]                            * Entering update_direction
[TRACE(2) conjugate_gradient:99]                                norm_grad_fk1 = 7.5243e1 norm_grad_fk = 7.8748e0
[DEBUG(2) conjugate_gradient:123]                               Applying polak-ribiere update
[DEBUG(2) conjugate_gradient:134]                               beta = 0.0000e0
[INFO (2) conjugate_gradient:87]                            * Leaving update_direction
[INFO (2) conjugate_gradient:139]                           * Entering is_converged
[INFO (2) conjugate_gradient:139]                           * Leaving is_converged
[INFO (2) conjugate_gradient:166]                           ======================================================================== i = 2
[TRACE(2) conjugate_gradient:167]                           Current solution: | 12.659086862301635 10.082309235850342  9.883909679683814  9.925452158809517   9.92545220689433 |

[INFO (2) conjugate_gradient:168]                           Current values: fx=3.9512e2, norm_grad_fx=7.8748e0
[INFO (2) conjugate_gradient:169]                           Convergence measures:
[INFO (2) conjugate_gradient:171]                           ||∇f(k)|| / ||∇f(0)|| = 1.0466e-1
[INFO (2) conjugate_gradient:67]                            * Entering apply_restart
[INFO (2) conjugate_gradient:67]                            * Leaving apply_restart
[INFO (2) utils:321]                                        * Entering initial_step
[TRACE(2) utils:329]                                            phi1 = 3.9512e2, phi0 = 4.4154e2 dphi1 = -6.2013e1
[TRACE(2) utils:334]                                            stp1 = 1.0000e0 stp2 = 1.5119e0
[TRACE(2) utils:335]                                            returning 1.0000e0
[INFO (2) utils:321]                                        * Leaving initial_step
[INFO (2) mod:49]                                           * Entering search
[TRACE(2) mod:59]                                               Running with parameters:
[TRACE(2) mod:60]                                               iter_data: fx=3.9512e2, norm_grad_fx=7.8748e0
[TRACE(2) mod:61]                                               alpha_init: 1
[INFO (2) common:30]                                            * Entering new
[INFO (2) common:30]                                            * Leaving new
[INFO (2) factory:30]                                           * Entering create
[INFO (2) nocedal:37]                                               * Entering new
[INFO (2) nocedal:37]                                               * Leaving new
[INFO (2) factory:30]                                           * Leaving create
[INFO (2) nocedal:51]                                           * Entering search
[TRACE(2) nocedal:60]                                               Entering with phi0 = 3.9512e2 dphi0 = -6.2013e1
[INFO (2) common:56]                                                * Entering eval
[INFO (2) augmented_lagrangian:475]                                     * Entering eval
[TRACE(2) augmented_lagrangian:190]                                         Evaluated inequality constraint value: 9.3890e-1
[INFO (2) augmented_lagrangian:475]                                     * Leaving eval
[INFO (2) common:56]                                                * Leaving eval
[TRACE(2) nocedal:80]                                               --------------------------------------- nocedal it = 0
[TRACE(2) nocedal:81]                                               alpha0 = 0.0000e0 alpha1 = 1.0000e0
[TRACE(2) nocedal:82]                                               phi_a0 = 3.9512e2 phi1 1.2314e4
[TRACE(2) nocedal:83]                                               dphi_aa0 = -6.2013e1 dphi1 0.0000e0
[INFO (2) utils:263]                                                * Entering satisfies_armijo
[TRACE(2) utils:273]                                                    armijo: left = 1.2314e4 right = 3.9512e2
[TRACE(2) utils:274]                                                    Satisfies Armijo false
[INFO (2) utils:263]                                                * Leaving satisfies_armijo
[TRACE(2) nocedal:103]                                              Does not satisfy armijo
[INFO (2) nocedal:225]                                              * Entering zoom
[TRACE(2) nocedal:242]                                                  Entering with a_lo = 0.0000e0 a_hi = 1.0000e0 phi_lo = 3.9512e2 phi_hi = 1.2314e4
[TRACE(2) nocedal:243]                                                  phi0 = 3.9512e2 dphi0 = -6.2013e1 c1 = 1.0000e-4 c2 = 4.0000e-1
[DEBUG(2) nocedal:256]                                                  ...............zoom iter = 0
[TRACE(2) nocedal:257]                                                  cchk = 0.0000e0  qchk = 0.0000e0
[TRACE(2) nocedal:272]                                                  dalpha = 1.0000e0 a_lo = 0.0000e0 a_hi = 1.0000e0
[TRACE(2) nocedal:294]                                                  trying quadratic interpolation
[INFO (2) utils:27]                                                     * Entering quadmin
[TRACE(2) utils:37]                                                         Entering with phi_a = 3.9512e2, phi_b = 1.2314e4, dphi_a = -6.2013e1, b = 1.0000e0
[TRACE(2) utils:44]                                                         db = 1.0000e0
[TRACE(2) utils:57]                                                         beta = 1.1981e4
[ERROR(2) utils:70]                                                         Returning alpha_min = 2.5880e-3
[INFO (2) utils:27]                                                     * Leaving quadmin
[TRACE(2) nocedal:303]                                                  Trying bisection
[TRACE(2) nocedal:311]                                                  New value of a_j = 5.0000e-1
[INFO (2) common:56]                                                    * Entering eval
[INFO (2) augmented_lagrangian:475]                                         * Entering eval
[TRACE(2) augmented_lagrangian:190]                                             Evaluated inequality constraint value: 9.5517e1
[INFO (2) augmented_lagrangian:475]                                         * Leaving eval
[INFO (2) common:56]                                                    * Leaving eval
[INFO (2) utils:263]                                                    * Entering satisfies_armijo
[TRACE(2) utils:273]                                                        armijo: left = 1.9890e3 right = 3.9512e2
[TRACE(2) utils:274]                                                        Satisfies Armijo false
[INFO (2) utils:263]                                                    * Leaving satisfies_armijo
[TRACE(2) nocedal:322]                                                  Failed armijo condition with true true
[DEBUG(2) nocedal:256]                                                  ...............zoom iter = 1
[TRACE(2) nocedal:257]                                                  cchk = 0.0000e0  qchk = 1.0000e-1
[TRACE(2) nocedal:272]                                                  dalpha = 5.0000e-1 a_lo = 0.0000e0 a_hi = 5.0000e-1
[TRACE(2) nocedal:281]                                                  trying cubic interpolation
[INFO (2) utils:150]                                                    * Entering cubicmin3
[TRACE(2) utils:162]                                                        Enterin with a = 0.0000e0, b = 5.0000e-1, c = 1.0000e0
[TRACE(2) utils:163]                                                        phi_a = 3.9512e2, phi_b = 1.9890e3, phi_c = 1.2314e4
[TRACE(2) utils:169]                                                        db = 5.0000e-1, dc = 1.0000e0, denom = -1.2500e-1
[ERROR(2) utils:204]                                                        Returning alpha_min = 2.2371e-2
[INFO (2) utils:150]                                                    * Leaving cubicmin3
[TRACE(2) nocedal:294]                                                  trying quadratic interpolation
[INFO (2) utils:27]                                                     * Entering quadmin
[TRACE(2) utils:37]                                                         Entering with phi_a = 3.9512e2, phi_b = 1.9890e3, dphi_a = -6.2013e1, b = 5.0000e-1
[TRACE(2) utils:44]                                                         db = 5.0000e-1
[TRACE(2) utils:57]                                                         beta = 6.4994e3
[ERROR(2) utils:70]                                                         Returning alpha_min = 4.7707e-3
[INFO (2) utils:27]                                                     * Leaving quadmin
[TRACE(2) nocedal:303]                                                  Trying bisection
[TRACE(2) nocedal:311]                                                  New value of a_j = 2.5000e-1
[INFO (2) common:56]                                                    * Entering eval
[INFO (2) augmented_lagrangian:475]                                         * Entering eval
[TRACE(2) augmented_lagrangian:190]                                             Evaluated inequality constraint value: 2.0094e2
[INFO (2) augmented_lagrangian:475]                                         * Leaving eval
[INFO (2) common:56]                                                    * Leaving eval
[INFO (2) utils:263]                                                    * Entering satisfies_armijo
[TRACE(2) utils:273]                                                        armijo: left = 6.5961e2 right = 3.9512e2
[TRACE(2) utils:274]                                                        Satisfies Armijo false
[INFO (2) utils:263]                                                    * Leaving satisfies_armijo
[TRACE(2) nocedal:322]                                                  Failed armijo condition with true true
[DEBUG(2) nocedal:256]                                                  ...............zoom iter = 2
[TRACE(2) nocedal:257]                                                  cchk = 1.0000e-1  qchk = 5.0000e-2
[TRACE(2) nocedal:272]                                                  dalpha = 2.5000e-1 a_lo = 0.0000e0 a_hi = 2.5000e-1
[TRACE(2) nocedal:281]                                                  trying cubic interpolation
[INFO (2) utils:150]                                                    * Entering cubicmin3
[TRACE(2) utils:162]                                                        Enterin with a = 0.0000e0, b = 2.5000e-1, c = 5.0000e-1
[TRACE(2) utils:163]                                                        phi_a = 3.9512e2, phi_b = 6.5961e2, phi_c = 1.9890e3
[TRACE(2) utils:169]                                                        db = 2.5000e-1, dc = 5.0000e-1, denom = -3.9062e-3
[ERROR(2) utils:204]                                                        Returning alpha_min = 1.1905e-2
[INFO (2) utils:150]                                                    * Leaving cubicmin3
[TRACE(2) nocedal:294]                                                  trying quadratic interpolation
[INFO (2) utils:27]                                                     * Entering quadmin
[TRACE(2) utils:37]                                                         Entering with phi_a = 3.9512e2, phi_b = 6.5961e2, dphi_a = -6.2013e1, b = 2.5000e-1
[TRACE(2) utils:44]                                                         db = 2.5000e-1
[TRACE(2) utils:57]                                                         beta = 4.4798e3
[ERROR(2) utils:70]                                                         Returning alpha_min = 6.9214e-3
[INFO (2) utils:27]                                                     * Leaving quadmin
[TRACE(2) nocedal:303]                                                  Trying bisection
[TRACE(2) nocedal:311]                                                  New value of a_j = 1.2500e-1
[INFO (2) common:56]                                                    * Entering eval
[INFO (2) augmented_lagrangian:475]                                         * Entering eval
[TRACE(2) augmented_lagrangian:190]                                             Evaluated inequality constraint value: 2.6819e2
[INFO (2) augmented_lagrangian:475]                                         * Leaving eval
[INFO (2) common:56]                                                    * Leaving eval
[INFO (2) utils:263]                                                    * Entering satisfies_armijo
[TRACE(2) utils:273]                                                        armijo: left = 4.4441e2 right = 3.9512e2
[TRACE(2) utils:274]                                                        Satisfies Armijo false
[INFO (2) utils:263]                                                    * Leaving satisfies_armijo
[TRACE(2) nocedal:322]                                                  Failed armijo condition with true true
[DEBUG(2) nocedal:256]                                                  ...............zoom iter = 3
[TRACE(2) nocedal:257]                                                  cchk = 5.0000e-2  qchk = 2.5000e-2
[TRACE(2) nocedal:272]                                                  dalpha = 1.2500e-1 a_lo = 0.0000e0 a_hi = 1.2500e-1
[TRACE(2) nocedal:281]                                                  trying cubic interpolation
[INFO (2) utils:150]                                                    * Entering cubicmin3
[TRACE(2) utils:162]                                                        Enterin with a = 0.0000e0, b = 1.2500e-1, c = 2.5000e-1
[TRACE(2) utils:163]                                                        phi_a = 3.9512e2, phi_b = 4.4441e2, phi_c = 6.5961e2
[TRACE(2) utils:169]                                                        db = 1.2500e-1, dc = 2.5000e-1, denom = -1.2207e-4
[ERROR(2) utils:204]                                                        Returning alpha_min = 1.0596e-2
[INFO (2) utils:150]                                                    * Leaving cubicmin3
[TRACE(2) nocedal:294]                                                  trying quadratic interpolation
[INFO (2) utils:27]                                                     * Entering quadmin
[TRACE(2) utils:37]                                                         Entering with phi_a = 3.9512e2, phi_b = 4.4441e2, dphi_a = -6.2013e1, b = 1.2500e-1
[TRACE(2) utils:44]                                                         db = 1.2500e-1
[TRACE(2) utils:57]                                                         beta = 3.6503e3
[ERROR(2) utils:70]                                                         Returning alpha_min = 8.4943e-3
[INFO (2) utils:27]                                                     * Leaving quadmin
[TRACE(2) nocedal:303]                                                  Trying bisection
[TRACE(2) nocedal:311]                                                  New value of a_j = 6.2500e-2
[INFO (2) common:56]                                                    * Entering eval
[INFO (2) augmented_lagrangian:475]                                         * Entering eval
[TRACE(2) augmented_lagrangian:190]                                             Evaluated inequality constraint value: 3.0545e2
[INFO (2) augmented_lagrangian:475]                                         * Leaving eval
[INFO (2) common:56]                                                    * Leaving eval
[INFO (2) utils:263]                                                    * Entering satisfies_armijo
[TRACE(2) utils:273]                                                        armijo: left = 4.0406e2 right = 3.9512e2
[TRACE(2) utils:274]                                                        Satisfies Armijo false
[INFO (2) utils:263]                                                    * Leaving satisfies_armijo
[TRACE(2) nocedal:322]                                                  Failed armijo condition with true true
[DEBUG(2) nocedal:256]                                                  ...............zoom iter = 4
[TRACE(2) nocedal:257]                                                  cchk = 2.5000e-2  qchk = 1.2500e-2
[TRACE(2) nocedal:272]                                                  dalpha = 6.2500e-2 a_lo = 0.0000e0 a_hi = 6.2500e-2
[TRACE(2) nocedal:281]                                                  trying cubic interpolation
[INFO (2) utils:150]                                                    * Entering cubicmin3
[TRACE(2) utils:162]                                                        Enterin with a = 0.0000e0, b = 6.2500e-2, c = 1.2500e-1
[TRACE(2) utils:163]                                                        phi_a = 3.9512e2, phi_b = 4.0406e2, phi_c = 4.4441e2
[TRACE(2) utils:169]                                                        db = 6.2500e-2, dc = 1.2500e-1, denom = -3.8147e-6
[ERROR(2) utils:204]                                                        Returning alpha_min = 1.0327e-2
[INFO (2) utils:150]                                                    * Leaving cubicmin3
[TRACE(2) nocedal:294]                                                  trying quadratic interpolation
[INFO (2) utils:27]                                                     * Entering quadmin
[TRACE(2) utils:37]                                                         Entering with phi_a = 3.9512e2, phi_b = 4.0406e2, dphi_a = -6.2013e1, b = 6.2500e-2
[TRACE(2) utils:44]                                                         db = 6.2500e-2
[TRACE(2) utils:57]                                                         beta = 3.2806e3
[ERROR(2) utils:70]                                                         Returning alpha_min = 9.4515e-3
[INFO (2) utils:27]                                                     * Leaving quadmin
[TRACE(2) nocedal:311]                                                  New value of a_j = 9.4515e-3
[INFO (2) common:56]                                                    * Entering eval
[INFO (2) augmented_lagrangian:475]                                         * Entering eval
[TRACE(2) augmented_lagrangian:190]                                             Evaluated inequality constraint value: 3.3897e2
[INFO (2) augmented_lagrangian:475]                                         * Leaving eval
[INFO (2) common:56]                                                    * Leaving eval
[INFO (2) utils:263]                                                    * Entering satisfies_armijo
[TRACE(2) utils:273]                                                        armijo: left = 3.9481e2 right = 3.9512e2
[TRACE(2) utils:274]                                                        Satisfies Armijo true
[INFO (2) utils:263]                                                    * Leaving satisfies_armijo
[TRACE(2) nocedal:332]                                                  Passed armijo condition
[INFO (2) common:66]                                                    * Entering diff
[INFO (2) augmented_lagrangian:499]                                         * Entering grad
[TRACE(2) augmented_lagrangian:211]                                             Evaluated inequality constraint gradient norm: 8.2337e1
[INFO (2) augmented_lagrangian:499]                                         * Leaving grad
[INFO (2) common:66]                                                    * Leaving diff
[TRACE(2) nocedal:338]                                                  Passed curvature condition
[ERROR(2) nocedal:339]                                                  Returning a_j = 9.4515e-3 phi_aj = 3.9481e2 dphi_aj = -5.0156e0
[INFO (2) nocedal:225]                                              * Leaving zoom
[ERROR(2) nocedal:132]                                              Leaving with 9.4515e-3 3.9481e2 -5.0156e0
[INFO (2) nocedal:51]                                           * Leaving search
[INFO (2) augmented_lagrangian:499]                             * Entering grad
[TRACE(2) augmented_lagrangian:211]                                 Evaluated inequality constraint gradient norm: 8.2337e1
[INFO (2) augmented_lagrangian:499]                             * Leaving grad
[INFO (2) mod:49]                                           * Leaving search
[INFO (2) conjugate_gradient:87]                            * Entering update_direction
[TRACE(2) conjugate_gradient:99]                                norm_grad_fk1 = 7.8748e0 norm_grad_fk = 6.3694e-1
[DEBUG(2) conjugate_gradient:123]                               Applying polak-ribiere update
[DEBUG(2) conjugate_gradient:134]                               beta = 0.0000e0
[INFO (2) conjugate_gradient:87]                            * Leaving update_direction
[INFO (2) conjugate_gradient:139]                           * Entering is_converged
[INFO (2) conjugate_gradient:139]                           * Leaving is_converged
[INFO (2) conjugate_gradient:166]                           ======================================================================== i = 3
[TRACE(2) conjugate_gradient:167]                           Current solution: | 12.733515911891264 10.082288154097187  9.883968828906694  9.925467821495058  9.925467869549562 |

[INFO (2) conjugate_gradient:168]                           Current values: fx=3.9481e2, norm_grad_fx=6.3694e-1
[INFO (2) conjugate_gradient:169]                           Convergence measures:
[INFO (2) conjugate_gradient:171]                           ||∇f(k)|| / ||∇f(0)|| = 8.4652e-3
[INFO (2) conjugate_gradient:67]                            * Entering apply_restart
[INFO (2) conjugate_gradient:67]                            * Leaving apply_restart
[INFO (2) utils:321]                                        * Entering initial_step
[TRACE(2) utils:329]                                            phi1 = 3.9481e2, phi0 = 3.9512e2 dphi1 = -4.0570e-1
[TRACE(2) utils:334]                                            stp1 = 1.0000e0 stp2 = 1.5882e0
[TRACE(2) utils:335]                                            returning 1.0000e0
[INFO (2) utils:321]                                        * Leaving initial_step
[INFO (2) mod:49]                                           * Entering search
[TRACE(2) mod:59]                                               Running with parameters:
[TRACE(2) mod:60]                                               iter_data: fx=3.9481e2, norm_grad_fx=6.3694e-1
[TRACE(2) mod:61]                                               alpha_init: 1
[INFO (2) common:30]                                            * Entering new
[INFO (2) common:30]                                            * Leaving new
[INFO (2) factory:30]                                           * Entering create
[INFO (2) nocedal:37]                                               * Entering new
[INFO (2) nocedal:37]                                               * Leaving new
[INFO (2) factory:30]                                           * Leaving create
[INFO (2) nocedal:51]                                           * Entering search
[TRACE(2) nocedal:60]                                               Entering with phi0 = 3.9481e2 dphi0 = -4.0570e-1
[INFO (2) common:56]                                                * Entering eval
[INFO (2) augmented_lagrangian:475]                                     * Entering eval
[TRACE(2) augmented_lagrangian:190]                                         Evaluated inequality constraint value: 2.8856e2
[INFO (2) augmented_lagrangian:475]                                     * Leaving eval
[INFO (2) common:56]                                                * Leaving eval
[TRACE(2) nocedal:80]                                               --------------------------------------- nocedal it = 0
[TRACE(2) nocedal:81]                                               alpha0 = 0.0000e0 alpha1 = 1.0000e0
[TRACE(2) nocedal:82]                                               phi_a0 = 3.9481e2 phi1 4.1760e2
[TRACE(2) nocedal:83]                                               dphi_aa0 = -4.0570e-1 dphi1 0.0000e0
[INFO (2) utils:263]                                                * Entering satisfies_armijo
[TRACE(2) utils:273]                                                    armijo: left = 4.1760e2 right = 3.9481e2
[TRACE(2) utils:274]                                                    Satisfies Armijo false
[INFO (2) utils:263]                                                * Leaving satisfies_armijo
[TRACE(2) nocedal:103]                                              Does not satisfy armijo
[INFO (2) nocedal:225]                                              * Entering zoom
[TRACE(2) nocedal:242]                                                  Entering with a_lo = 0.0000e0 a_hi = 1.0000e0 phi_lo = 3.9481e2 phi_hi = 4.1760e2
[TRACE(2) nocedal:243]                                                  phi0 = 3.9481e2 dphi0 = -4.0570e-1 c1 = 1.0000e-4 c2 = 4.0000e-1
[DEBUG(2) nocedal:256]                                                  ...............zoom iter = 0
[TRACE(2) nocedal:257]                                                  cchk = 0.0000e0  qchk = 0.0000e0
[TRACE(2) nocedal:272]                                                  dalpha = 1.0000e0 a_lo = 0.0000e0 a_hi = 1.0000e0
[TRACE(2) nocedal:294]                                                  trying quadratic interpolation
[INFO (2) utils:27]                                                     * Entering quadmin
[TRACE(2) utils:37]                                                         Entering with phi_a = 3.9481e2, phi_b = 4.1760e2, dphi_a = -4.0570e-1, b = 1.0000e0
[TRACE(2) utils:44]                                                         db = 1.0000e0
[TRACE(2) utils:57]                                                         beta = 2.3204e1
[ERROR(2) utils:70]                                                         Returning alpha_min = 8.7420e-3
[INFO (2) utils:27]                                                     * Leaving quadmin
[TRACE(2) nocedal:303]                                                  Trying bisection
[TRACE(2) nocedal:311]                                                  New value of a_j = 5.0000e-1
[INFO (2) common:56]                                                    * Entering eval
[INFO (2) augmented_lagrangian:475]                                         * Entering eval
[TRACE(2) augmented_lagrangian:190]                                             Evaluated inequality constraint value: 3.1326e2
[INFO (2) augmented_lagrangian:475]                                         * Leaving eval
[INFO (2) common:56]                                                    * Leaving eval
[INFO (2) utils:263]                                                    * Entering satisfies_armijo
[TRACE(2) utils:273]                                                        armijo: left = 4.0002e2 right = 3.9481e2
[TRACE(2) utils:274]                                                        Satisfies Armijo false
[INFO (2) utils:263]                                                    * Leaving satisfies_armijo
[TRACE(2) nocedal:322]                                                  Failed armijo condition with true true
[DEBUG(2) nocedal:256]                                                  ...............zoom iter = 1
[TRACE(2) nocedal:257]                                                  cchk = 0.0000e0  qchk = 1.0000e-1
[TRACE(2) nocedal:272]                                                  dalpha = 5.0000e-1 a_lo = 0.0000e0 a_hi = 5.0000e-1
[TRACE(2) nocedal:281]                                                  trying cubic interpolation
[INFO (2) utils:150]                                                    * Entering cubicmin3
[TRACE(2) utils:162]                                                        Enterin with a = 0.0000e0, b = 5.0000e-1, c = 1.0000e0
[TRACE(2) utils:163]                                                        phi_a = 3.9481e2, phi_b = 4.0002e2, phi_c = 4.1760e2
[TRACE(2) utils:169]                                                        db = 5.0000e-1, dc = 1.0000e0, denom = -1.2500e-1
[ERROR(2) utils:204]                                                        Returning alpha_min = 1.0053e-2
[INFO (2) utils:150]                                                    * Leaving cubicmin3
[TRACE(2) nocedal:294]                                                  trying quadratic interpolation
[INFO (2) utils:27]                                                     * Entering quadmin
[TRACE(2) utils:37]                                                         Entering with phi_a = 3.9481e2, phi_b = 4.0002e2, dphi_a = -4.0570e-1, b = 5.0000e-1
[TRACE(2) utils:44]                                                         db = 5.0000e-1
[TRACE(2) utils:57]                                                         beta = 2.1668e1
[ERROR(2) utils:70]                                                         Returning alpha_min = 9.3616e-3
[INFO (2) utils:27]                                                     * Leaving quadmin
[TRACE(2) nocedal:303]                                                  Trying bisection
[TRACE(2) nocedal:311]                                                  New value of a_j = 2.5000e-1
[INFO (2) common:56]                                                    * Entering eval
[INFO (2) augmented_lagrangian:475]                                         * Entering eval
[TRACE(2) augmented_lagrangian:190]                                             Evaluated inequality constraint value: 3.2599e2
[INFO (2) augmented_lagrangian:475]                                         * Leaving eval
[INFO (2) common:56]                                                    * Leaving eval
[INFO (2) utils:263]                                                    * Entering satisfies_armijo
[TRACE(2) utils:273]                                                        armijo: left = 3.9601e2 right = 3.9481e2
[TRACE(2) utils:274]                                                        Satisfies Armijo false
[INFO (2) utils:263]                                                    * Leaving satisfies_armijo
[TRACE(2) nocedal:322]                                                  Failed armijo condition with true true
[DEBUG(2) nocedal:256]                                                  ...............zoom iter = 2
[TRACE(2) nocedal:257]                                                  cchk = 1.0000e-1  qchk = 5.0000e-2
[TRACE(2) nocedal:272]                                                  dalpha = 2.5000e-1 a_lo = 0.0000e0 a_hi = 2.5000e-1
[TRACE(2) nocedal:281]                                                  trying cubic interpolation
[INFO (2) utils:150]                                                    * Entering cubicmin3
[TRACE(2) utils:162]                                                        Enterin with a = 0.0000e0, b = 2.5000e-1, c = 5.0000e-1
[TRACE(2) utils:163]                                                        phi_a = 3.9481e2, phi_b = 3.9601e2, phi_c = 4.0002e2
[TRACE(2) utils:169]                                                        db = 2.5000e-1, dc = 5.0000e-1, denom = -3.9062e-3
[ERROR(2) utils:204]                                                        Returning alpha_min = 1.0023e-2
[INFO (2) utils:150]                                                    * Leaving cubicmin3
[TRACE(2) nocedal:294]                                                  trying quadratic interpolation
[INFO (2) utils:27]                                                     * Entering quadmin
[TRACE(2) utils:37]                                                         Entering with phi_a = 3.9481e2, phi_b = 3.9601e2, dphi_a = -4.0570e-1, b = 2.5000e-1
[TRACE(2) utils:44]                                                         db = 2.5000e-1
[TRACE(2) utils:57]                                                         beta = 2.0931e1
[ERROR(2) utils:70]                                                         Returning alpha_min = 9.6913e-3
[INFO (2) utils:27]                                                     * Leaving quadmin
[TRACE(2) nocedal:303]                                                  Trying bisection
[TRACE(2) nocedal:311]                                                  New value of a_j = 1.2500e-1
[INFO (2) common:56]                                                    * Entering eval
[INFO (2) augmented_lagrangian:475]                                         * Entering eval
[TRACE(2) augmented_lagrangian:190]                                             Evaluated inequality constraint value: 3.3245e2
[INFO (2) augmented_lagrangian:475]                                         * Leaving eval
[INFO (2) common:56]                                                    * Leaving eval
[INFO (2) utils:263]                                                    * Entering satisfies_armijo
[TRACE(2) utils:273]                                                        armijo: left = 3.9508e2 right = 3.9481e2
[TRACE(2) utils:274]                                                        Satisfies Armijo false
[INFO (2) utils:263]                                                    * Leaving satisfies_armijo
[TRACE(2) nocedal:322]                                                  Failed armijo condition with true true
[DEBUG(2) nocedal:256]                                                  ...............zoom iter = 3
[TRACE(2) nocedal:257]                                                  cchk = 5.0000e-2  qchk = 2.5000e-2
[TRACE(2) nocedal:272]                                                  dalpha = 1.2500e-1 a_lo = 0.0000e0 a_hi = 1.2500e-1
[TRACE(2) nocedal:281]                                                  trying cubic interpolation
[INFO (2) utils:150]                                                    * Entering cubicmin3
[TRACE(2) utils:162]                                                        Enterin with a = 0.0000e0, b = 1.2500e-1, c = 2.5000e-1
[TRACE(2) utils:163]                                                        phi_a = 3.9481e2, phi_b = 3.9508e2, phi_c = 3.9601e2
[TRACE(2) utils:169]                                                        db = 1.2500e-1, dc = 2.5000e-1, denom = -1.2207e-4
[ERROR(2) utils:204]                                                        Returning alpha_min = 1.0016e-2
[INFO (2) utils:150]                                                    * Leaving cubicmin3
[TRACE(2) nocedal:294]                                                  trying quadratic interpolation
[INFO (2) utils:27]                                                     * Entering quadmin
[TRACE(2) utils:37]                                                         Entering with phi_a = 3.9481e2, phi_b = 3.9508e2, dphi_a = -4.0570e-1, b = 1.2500e-1
[TRACE(2) utils:44]                                                         db = 1.2500e-1
[TRACE(2) utils:57]                                                         beta = 2.0570e1
[ERROR(2) utils:70]                                                         Returning alpha_min = 9.8613e-3
[INFO (2) utils:27]                                                     * Leaving quadmin
[TRACE(2) nocedal:303]                                                  Trying bisection
[TRACE(2) nocedal:311]                                                  New value of a_j = 6.2500e-2
[INFO (2) common:56]                                                    * Entering eval
[INFO (2) augmented_lagrangian:475]                                         * Entering eval
[TRACE(2) augmented_lagrangian:190]                                             Evaluated inequality constraint value: 3.3570e2
[INFO (2) augmented_lagrangian:475]                                         * Leaving eval
[INFO (2) common:56]                                                    * Leaving eval
[INFO (2) utils:263]                                                    * Entering satisfies_armijo
[TRACE(2) utils:273]                                                        armijo: left = 3.9486e2 right = 3.9481e2
[TRACE(2) utils:274]                                                        Satisfies Armijo false
[INFO (2) utils:263]                                                    * Leaving satisfies_armijo
[TRACE(2) nocedal:322]                                                  Failed armijo condition with true true
[DEBUG(2) nocedal:256]                                                  ...............zoom iter = 4
[TRACE(2) nocedal:257]                                                  cchk = 2.5000e-2  qchk = 1.2500e-2
[TRACE(2) nocedal:272]                                                  dalpha = 6.2500e-2 a_lo = 0.0000e0 a_hi = 6.2500e-2
[TRACE(2) nocedal:281]                                                  trying cubic interpolation
[INFO (2) utils:150]                                                    * Entering cubicmin3
[TRACE(2) utils:162]                                                        Enterin with a = 0.0000e0, b = 6.2500e-2, c = 1.2500e-1
[TRACE(2) utils:163]                                                        phi_a = 3.9481e2, phi_b = 3.9486e2, phi_c = 3.9508e2
[TRACE(2) utils:169]                                                        db = 6.2500e-2, dc = 1.2500e-1, denom = -3.8147e-6
[ERROR(2) utils:204]                                                        Returning alpha_min = 1.0014e-2
[INFO (2) utils:150]                                                    * Leaving cubicmin3
[TRACE(2) nocedal:294]                                                  trying quadratic interpolation
[INFO (2) utils:27]                                                     * Entering quadmin
[TRACE(2) utils:37]                                                         Entering with phi_a = 3.9481e2, phi_b = 3.9486e2, dphi_a = -4.0570e-1, b = 6.2500e-2
[TRACE(2) utils:44]                                                         db = 6.2500e-2
[TRACE(2) utils:57]                                                         beta = 2.0392e1
[ERROR(2) utils:70]                                                         Returning alpha_min = 9.9476e-3
[INFO (2) utils:27]                                                     * Leaving quadmin
[TRACE(2) nocedal:311]                                                  New value of a_j = 9.9476e-3
[INFO (2) common:56]                                                    * Entering eval
[INFO (2) augmented_lagrangian:475]                                         * Entering eval
[TRACE(2) augmented_lagrangian:190]                                             Evaluated inequality constraint value: 3.3845e2
[INFO (2) augmented_lagrangian:475]                                         * Leaving eval
[INFO (2) common:56]                                                    * Leaving eval
[INFO (2) utils:263]                                                    * Entering satisfies_armijo
[TRACE(2) utils:273]                                                        armijo: left = 3.9480e2 right = 3.9481e2
[TRACE(2) utils:274]                                                        Satisfies Armijo true
[INFO (2) utils:263]                                                    * Leaving satisfies_armijo
[TRACE(2) nocedal:332]                                                  Passed armijo condition
[INFO (2) common:66]                                                    * Entering diff
[INFO (2) augmented_lagrangian:499]                                         * Entering grad
[TRACE(2) augmented_lagrangian:211]                                             Evaluated inequality constraint gradient norm: 8.2274e1
[INFO (2) augmented_lagrangian:499]                                         * Leaving grad
[INFO (2) common:66]                                                    * Leaving diff
[TRACE(2) nocedal:338]                                                  Passed curvature condition
[ERROR(2) nocedal:339]                                                  Returning a_j = 9.9476e-3 phi_aj = 3.9480e2 dphi_aj = -2.6862e-3
[INFO (2) nocedal:225]                                              * Leaving zoom
[ERROR(2) nocedal:132]                                              Leaving with 9.9476e-3 3.9480e2 -2.6862e-3
[INFO (2) nocedal:51]                                           * Leaving search
[INFO (2) augmented_lagrangian:499]                             * Entering grad
[TRACE(2) augmented_lagrangian:211]                                 Evaluated inequality constraint gradient norm: 8.2274e1
[INFO (2) augmented_lagrangian:499]                             * Leaving grad
[INFO (2) mod:49]                                           * Leaving search
[INFO (2) conjugate_gradient:87]                            * Entering update_direction
[TRACE(2) conjugate_gradient:99]                                norm_grad_fk1 = 6.3694e-1 norm_grad_fk = 8.1545e-3
[DEBUG(2) conjugate_gradient:123]                               Applying polak-ribiere update
[DEBUG(2) conjugate_gradient:134]                               beta = 0.0000e0
[INFO (2) conjugate_gradient:87]                            * Leaving update_direction
[INFO (2) conjugate_gradient:139]                           * Entering is_converged
[INFO (2) conjugate_gradient:139]                           * Leaving is_converged
[INFO (2) conjugate_gradient:220]                           =============================================
[INFO (2) conjugate_gradient:221]                           Converging with reason Rtol
[INFO (2) conjugate_gradient:222]                           Convergence measures:
[INFO (2) conjugate_gradient:224]                           ||∇f(k)|| / ||∇f(0)|| = 1.0838e-4
[INFO (2) conjugate_gradient:225]                           ||∇f(k)|| = 8.1545e-3
[INFO (2) conjugate_gradient:226]                           =============================================
[INFO (2) conjugate_gradient:179]                       * Leaving minimize
[INFO (2) augmented_lagrangian:674]                     * Entering update_penalties_shifts
[INFO (2) augmented_lagrangian:294]                         * Entering compute_max_constraint_violation
[TRACE(2) augmented_lagrangian:313]                             Computing inequality constraint value
[TRACE(2) augmented_lagrangian:314]                             values: DMatrix { data: [7.260148410731782], nrows: 1, ncols: 1 }
[TRACE(2) augmented_lagrangian:315]                             shifts: DMatrix { data: [0.967258203870345], nrows: 1, ncols: 1 }
[INFO (2) augmented_lagrangian:294]                         * Leaving compute_max_constraint_violation
[TRACE(2) augmented_lagrangian:687]                         constraint_violation_max = 8.3509e0
[TRACE(2) augmented_lagrangian:688]                         max_violation_k = 7.2601e0
[INFO (2) augmented_lagrangian:330]                         * Entering update_unimproved_constraint_violation_indices
[TRACE(2) augmented_lagrangian:358]                             Updating set of unimproved inequality constraints
[TRACE(2) augmented_lagrangian:371]                             New set of unimproved inequality constraints [0] 
[INFO (2) augmented_lagrangian:330]                         * Leaving update_unimproved_constraint_violation_indices
[TRACE(2) augmented_lagrangian:696]                         Constraint did not improve, increasing penalties
[INFO (2) augmented_lagrangian:378]                         * Entering increase_penalties
[TRACE(2) augmented_lagrangian:404]                             Increasing equality penalties
[TRACE(2) augmented_lagrangian:412]                             Constraint index 0, new penalty 1.0000e2 new_shift 9.6726e-2
[INFO (2) augmented_lagrangian:378]                         * Leaving increase_penalties
[INFO (2) augmented_lagrangian:674]                     * Leaving update_penalties_shifts
[INFO (2) augmented_lagrangian:499]                     * Entering grad
[TRACE(2) augmented_lagrangian:211]                         Evaluated inequality constraint gradient norm: 7.3569e2
[INFO (2) augmented_lagrangian:499]                     * Leaving grad
[INFO (2) augmented_lagrangian:616]                     * Entering is_converged
[TRACE(2) augmented_lagrangian:624]                         grad_norm = 6.5342e2 max_constraint_violation = 7.2601e0
[TRACE(2) augmented_lagrangian:636]                         rtol_converged = false
[TRACE(2) augmented_lagrangian:637]                         atol_converged = false
[TRACE(2) augmented_lagrangian:638]                         ctol_converged = false
[INFO (2) augmented_lagrangian:616]                     * Leaving is_converged
[INFO (2) augmented_lagrangian:663]                     ******************************************************************************************** i = 4
[TRACE(2) augmented_lagrangian:664]                     Current solution: | 12.739851589268218 10.082265982835148  9.884030987686527  9.925484295906205  9.925484343928844 |

[INFO (2) augmented_lagrangian:665]                     Current values: fx=3.9480e2, norm_grad_fx=6.5342e2
[INFO (2) augmented_lagrangian:666]                     Convergence measures:
[INFO (2) augmented_lagrangian:668]                     ||∇f(k)|| / ||∇f(0)|| = 1.0764e-4
[INFO (2) augmented_lagrangian:669]                     Kmax = 7.2601e0
[INFO (2) augmented_lagrangian:569]                     * Entering set_uncon_options
[INFO (2) augmented_lagrangian:275]                         * Entering compute_max_penalty
[INFO (2) augmented_lagrangian:275]                         * Leaving compute_max_penalty
[TRACE(2) augmented_lagrangian:597]                         max_penalty = 1.0000e2 max_violation = 7.2601e0 raw rtol = 5.2710e0
[TRACE(2) augmented_lagrangian:604]                         Setting Unconstrained options rtol = 1.0000e-3  max_iter 50
[INFO (2) augmented_lagrangian:569]                     * Leaving set_uncon_options
[INFO (2) factory:53]                                   * Entering create
[INFO (2) conjugate_gradient:50]                            * Entering new
[INFO (2) augmented_lagrangian:499]                             * Entering grad
[TRACE(2) augmented_lagrangian:211]                                 Evaluated inequality constraint gradient norm: 7.3569e2
[INFO (2) augmented_lagrangian:499]                             * Leaving grad
[INFO (2) conjugate_gradient:50]                            * Leaving new
[INFO (2) factory:53]                                   * Leaving create
[INFO (2) conjugate_gradient:179]                       * Entering minimize
[INFO (2) augmented_lagrangian:475]                         * Entering eval
[TRACE(2) augmented_lagrangian:190]                             Evaluated inequality constraint value: 2.7062e3
[INFO (2) augmented_lagrangian:475]                         * Leaving eval
[INFO (2) augmented_lagrangian:499]                         * Entering grad
[TRACE(2) augmented_lagrangian:211]                             Evaluated inequality constraint gradient norm: 7.3569e2
[INFO (2) augmented_lagrangian:499]                         * Leaving grad
[INFO (2) conjugate_gradient:166]                           ======================================================================== i = 1
[TRACE(2) conjugate_gradient:167]                           Current solution: | 12.739851589268218 10.082265982835148  9.884030987686527  9.925484295906205  9.925484343928844 |

[INFO (2) conjugate_gradient:168]                           Current values: fx=2.7625e3, norm_grad_fx=6.5342e2
[INFO (2) conjugate_gradient:169]                           Convergence measures:
[INFO (2) conjugate_gradient:171]                           ||∇f(k)|| / ||∇f(0)|| = 1.0000e0
[INFO (2) conjugate_gradient:67]                            * Entering apply_restart
[INFO (2) conjugate_gradient:67]                            * Leaving apply_restart
[INFO (2) utils:321]                                        * Entering initial_step
[TRACE(2) utils:329]                                            phi1 = 2.7625e3, phi0 = 3.0892e3 dphi1 = -4.2695e5
[TRACE(2) utils:334]                                            stp1 = 1.0000e0 stp2 = 1.5457e-3
[TRACE(2) utils:335]                                            returning 1.5457e-3
[INFO (2) utils:321]                                        * Leaving initial_step
[INFO (2) mod:49]                                           * Entering search
[TRACE(2) mod:59]                                               Running with parameters:
[TRACE(2) mod:60]                                               iter_data: fx=2.7625e3, norm_grad_fx=6.5342e2
[TRACE(2) mod:61]                                               alpha_init: 0.0015457192449711845
[INFO (2) common:30]                                            * Entering new
[INFO (2) common:30]                                            * Leaving new
[INFO (2) factory:30]                                           * Entering create
[INFO (2) nocedal:37]                                               * Entering new
[INFO (2) nocedal:37]                                               * Leaving new
[INFO (2) factory:30]                                           * Leaving create
[INFO (2) nocedal:51]                                           * Entering search
[TRACE(2) nocedal:60]                                               Entering with phi0 = 2.7625e3 dphi0 = -4.2695e5
[INFO (2) common:56]                                                * Entering eval
[INFO (2) augmented_lagrangian:475]                                     * Entering eval
[TRACE(2) augmented_lagrangian:190]                                         Evaluated inequality constraint value: 2.0141e3
[INFO (2) augmented_lagrangian:475]                                     * Leaving eval
[INFO (2) common:56]                                                * Leaving eval
[TRACE(2) nocedal:80]                                               --------------------------------------- nocedal it = 0
[TRACE(2) nocedal:81]                                               alpha0 = 0.0000e0 alpha1 = 1.5457e-3
[TRACE(2) nocedal:82]                                               phi_a0 = 2.7625e3 phi1 2.2119e3
[TRACE(2) nocedal:83]                                               dphi_aa0 = -4.2695e5 dphi1 0.0000e0
[INFO (2) utils:263]                                                * Entering satisfies_armijo
[TRACE(2) utils:273]                                                    armijo: left = 2.2119e3 right = 2.7625e3
[TRACE(2) utils:274]                                                    Satisfies Armijo true
[INFO (2) utils:263]                                                * Leaving satisfies_armijo
[INFO (2) common:66]                                                * Entering diff
[INFO (2) augmented_lagrangian:499]                                     * Entering grad
[TRACE(2) augmented_lagrangian:211]                                         Evaluated inequality constraint gradient norm: 6.3469e2
[INFO (2) augmented_lagrangian:499]                                     * Leaving grad
[INFO (2) common:66]                                                * Leaving diff
[TRACE(2) nocedal:143]                                              dphi_a1 = -2.7690e5
[TRACE(2) nocedal:203]                                              Doubling alpha for next iteration to 3.0914e-3
[INFO (2) common:56]                                                * Entering eval
[INFO (2) augmented_lagrangian:475]                                     * Entering eval
[TRACE(2) augmented_lagrangian:190]                                         Evaluated inequality constraint value: 1.4241e3
[INFO (2) augmented_lagrangian:475]                                     * Leaving eval
[INFO (2) common:56]                                                * Leaving eval
[TRACE(2) nocedal:80]                                               --------------------------------------- nocedal it = 1
[TRACE(2) nocedal:81]                                               alpha0 = 1.5457e-3 alpha1 = 3.0914e-3
[TRACE(2) nocedal:82]                                               phi_a0 = 2.2119e3 phi1 1.9374e3
[TRACE(2) nocedal:83]                                               dphi_aa0 = -2.7690e5 dphi1 -2.7690e5
[INFO (2) utils:263]                                                * Entering satisfies_armijo
[TRACE(2) utils:273]                                                    armijo: left = 1.9374e3 right = 2.7624e3
[TRACE(2) utils:274]                                                    Satisfies Armijo true
[INFO (2) utils:263]                                                * Leaving satisfies_armijo
[INFO (2) common:66]                                                * Entering diff
[INFO (2) augmented_lagrangian:499]                                     * Entering grad
[TRACE(2) augmented_lagrangian:211]                                         Evaluated inequality constraint gradient norm: 5.3369e2
[INFO (2) augmented_lagrangian:499]                                     * Leaving grad
[INFO (2) common:66]                                                * Leaving diff
[TRACE(2) nocedal:143]                                              dphi_a1 = -6.6862e4
[TRACE(2) nocedal:148]                                              Satisfies curvature
[TRACE(2) nocedal:149]                                              Returning alpha = 3.0914e-3 falpha = 1.9374e3
[INFO (2) nocedal:51]                                           * Leaving search
[INFO (2) augmented_lagrangian:499]                             * Entering grad
[TRACE(2) augmented_lagrangian:211]                                 Evaluated inequality constraint gradient norm: 5.3369e2
[INFO (2) augmented_lagrangian:499]                             * Leaving grad
[INFO (2) mod:49]                                           * Leaving search
[INFO (2) conjugate_gradient:87]                            * Entering update_direction
[TRACE(2) conjugate_gradient:99]                                norm_grad_fk1 = 6.5342e2 norm_grad_fk = 1.0233e2
[DEBUG(2) conjugate_gradient:123]                               Applying polak-ribiere update
[DEBUG(2) conjugate_gradient:134]                               beta = 0.0000e0
[INFO (2) conjugate_gradient:87]                            * Leaving update_direction
[INFO (2) conjugate_gradient:139]                           * Entering is_converged
[INFO (2) conjugate_gradient:139]                           * Leaving is_converged
[INFO (2) conjugate_gradient:166]                           ======================================================================== i = 2
[TRACE(2) conjugate_gradient:167]                           Current solution: | 14.759851589151458 10.082259098191388  9.884050273878096  9.925489412300776  9.925489460313523 |

[INFO (2) conjugate_gradient:168]                           Current values: fx=1.9374e3, norm_grad_fx=1.0233e2
[INFO (2) conjugate_gradient:169]                           Convergence measures:
[INFO (2) conjugate_gradient:171]                           ||∇f(k)|| / ||∇f(0)|| = 1.5660e-1
[INFO (2) conjugate_gradient:67]                            * Entering apply_restart
[INFO (2) conjugate_gradient:67]                            * Leaving apply_restart
[INFO (2) utils:321]                                        * Entering initial_step
[TRACE(2) utils:329]                                            phi1 = 1.9374e3, phi0 = 2.7625e3 dphi1 = -1.0471e4
[TRACE(2) utils:334]                                            stp1 = 1.0000e0 stp2 = 1.5918e-1
[TRACE(2) utils:335]                                            returning 1.5918e-1
[INFO (2) utils:321]                                        * Leaving initial_step
[INFO (2) mod:49]                                           * Entering search
[TRACE(2) mod:59]                                               Running with parameters:
[TRACE(2) mod:60]                                               iter_data: fx=1.9374e3, norm_grad_fx=1.0233e2
[TRACE(2) mod:61]                                               alpha_init: 0.15917914165035174
[INFO (2) common:30]                                            * Entering new
[INFO (2) common:30]                                            * Leaving new
[INFO (2) factory:30]                                           * Entering create
[INFO (2) nocedal:37]                                               * Entering new
[INFO (2) nocedal:37]                                               * Leaving new
[INFO (2) factory:30]                                           * Leaving create
[INFO (2) nocedal:51]                                           * Entering search
[TRACE(2) nocedal:60]                                               Entering with phi0 = 1.9374e3 dphi0 = -1.0471e4
[INFO (2) common:56]                                                * Entering eval
[INFO (2) augmented_lagrangian:475]                                     * Entering eval
[TRACE(2) augmented_lagrangian:190]                                         Evaluated inequality constraint value: 0.0000e0
[INFO (2) augmented_lagrangian:475]                                     * Leaving eval
[INFO (2) common:56]                                                * Leaving eval
[TRACE(2) nocedal:80]                                               --------------------------------------- nocedal it = 0
[TRACE(2) nocedal:81]                                               alpha0 = 0.0000e0 alpha1 = 1.5918e-1
[TRACE(2) nocedal:82]                                               phi_a0 = 1.9374e3 phi1 1.9627e5
[TRACE(2) nocedal:83]                                               dphi_aa0 = -1.0471e4 dphi1 0.0000e0
[INFO (2) utils:263]                                                * Entering satisfies_armijo
[TRACE(2) utils:273]                                                    armijo: left = 1.9627e5 right = 1.9372e3
[TRACE(2) utils:274]                                                    Satisfies Armijo false
[INFO (2) utils:263]                                                * Leaving satisfies_armijo
[TRACE(2) nocedal:103]                                              Does not satisfy armijo
[INFO (2) nocedal:225]                                              * Entering zoom
[TRACE(2) nocedal:242]                                                  Entering with a_lo = 0.0000e0 a_hi = 1.5918e-1 phi_lo = 1.9374e3 phi_hi = 1.9627e5
[TRACE(2) nocedal:243]                                                  phi0 = 1.9374e3 dphi0 = -1.0471e4 c1 = 1.0000e-4 c2 = 4.0000e-1
[DEBUG(2) nocedal:256]                                                  ...............zoom iter = 0
[TRACE(2) nocedal:257]                                                  cchk = 0.0000e0  qchk = 0.0000e0
[TRACE(2) nocedal:272]                                                  dalpha = 1.5918e-1 a_lo = 0.0000e0 a_hi = 1.5918e-1
[TRACE(2) nocedal:294]                                                  trying quadratic interpolation
[INFO (2) utils:27]                                                     * Entering quadmin
[TRACE(2) utils:37]                                                         Entering with phi_a = 1.9374e3, phi_b = 1.9627e5, dphi_a = -1.0471e4, b = 1.5918e-1
[TRACE(2) utils:44]                                                         db = 1.5918e-1
[TRACE(2) utils:57]                                                         beta = 7.7355e6
[ERROR(2) utils:70]                                                         Returning alpha_min = 6.7681e-4
[INFO (2) utils:27]                                                     * Leaving quadmin
[TRACE(2) nocedal:303]                                                  Trying bisection
[TRACE(2) nocedal:311]                                                  New value of a_j = 7.9590e-2
[INFO (2) common:56]                                                    * Entering eval
[INFO (2) augmented_lagrangian:475]                                         * Entering eval
[TRACE(2) augmented_lagrangian:190]                                             Evaluated inequality constraint value: 0.0000e0
[INFO (2) augmented_lagrangian:475]                                         * Leaving eval
[INFO (2) common:56]                                                    * Leaving eval
[INFO (2) utils:263]                                                    * Entering satisfies_armijo
[TRACE(2) utils:273]                                                        armijo: left = 2.7727e4 right = 1.9373e3
[TRACE(2) utils:274]                                                        Satisfies Armijo false
[INFO (2) utils:263]                                                    * Leaving satisfies_armijo
[TRACE(2) nocedal:322]                                                  Failed armijo condition with true true
[DEBUG(2) nocedal:256]                                                  ...............zoom iter = 1
[TRACE(2) nocedal:257]                                                  cchk = 0.0000e0  qchk = 1.5918e-2
[TRACE(2) nocedal:272]                                                  dalpha = 7.9590e-2 a_lo = 0.0000e0 a_hi = 7.9590e-2
[TRACE(2) nocedal:281]                                                  trying cubic interpolation
[INFO (2) utils:150]                                                    * Entering cubicmin3
[TRACE(2) utils:162]                                                        Enterin with a = 0.0000e0, b = 7.9590e-2, c = 1.5918e-1
[TRACE(2) utils:163]                                                        phi_a = 1.9374e3, phi_b = 2.7727e4, phi_c = 1.9627e5
[TRACE(2) utils:169]                                                        db = 7.9590e-2, dc = 1.5918e-1, denom = -1.2774e-5
[ERROR(2) utils:204]                                                        Returning alpha_min = 5.1634e-3
[INFO (2) utils:150]                                                    * Leaving cubicmin3
[TRACE(2) nocedal:294]                                                  trying quadratic interpolation
[INFO (2) utils:27]                                                     * Entering quadmin
[TRACE(2) utils:37]                                                         Entering with phi_a = 1.9374e3, phi_b = 2.7727e4, dphi_a = -1.0471e4, b = 7.9590e-2
[TRACE(2) utils:44]                                                         db = 7.9590e-2
[TRACE(2) utils:57]                                                         beta = 4.2028e6
[ERROR(2) utils:70]                                                         Returning alpha_min = 1.2457e-3
[INFO (2) utils:27]                                                     * Leaving quadmin
[TRACE(2) nocedal:303]                                                  Trying bisection
[TRACE(2) nocedal:311]                                                  New value of a_j = 3.9795e-2
[INFO (2) common:56]                                                    * Entering eval
[INFO (2) augmented_lagrangian:475]                                         * Entering eval
[TRACE(2) augmented_lagrangian:190]                                             Evaluated inequality constraint value: 7.9985e1
[INFO (2) augmented_lagrangian:475]                                         * Leaving eval
[INFO (2) common:56]                                                    * Leaving eval
[INFO (2) utils:263]                                                    * Entering satisfies_armijo
[TRACE(2) utils:273]                                                        armijo: left = 6.1645e3 right = 1.9374e3
[TRACE(2) utils:274]                                                        Satisfies Armijo false
[INFO (2) utils:263]                                                    * Leaving satisfies_armijo
[TRACE(2) nocedal:322]                                                  Failed armijo condition with true true
[DEBUG(2) nocedal:256]                                                  ...............zoom iter = 2
[TRACE(2) nocedal:257]                                                  cchk = 1.5918e-2  qchk = 7.9590e-3
[TRACE(2) nocedal:272]                                                  dalpha = 3.9795e-2 a_lo = 0.0000e0 a_hi = 3.9795e-2
[TRACE(2) nocedal:281]                                                  trying cubic interpolation
[INFO (2) utils:150]                                                    * Entering cubicmin3
[TRACE(2) utils:162]                                                        Enterin with a = 0.0000e0, b = 3.9795e-2, c = 7.9590e-2
[TRACE(2) utils:163]                                                        phi_a = 1.9374e3, phi_b = 6.1645e3, phi_c = 2.7727e4
[TRACE(2) utils:169]                                                        db = 3.9795e-2, dc = 7.9590e-2, denom = -3.9920e-7
[ERROR(2) utils:204]                                                        Returning alpha_min = 2.9068e-3
[INFO (2) utils:150]                                                    * Leaving cubicmin3
[TRACE(2) nocedal:294]                                                  trying quadratic interpolation
[INFO (2) utils:27]                                                     * Entering quadmin
[TRACE(2) utils:37]                                                         Entering with phi_a = 1.9374e3, phi_b = 6.1645e3, dphi_a = -1.0471e4, b = 3.9795e-2
[TRACE(2) utils:44]                                                         db = 3.9795e-2
[TRACE(2) utils:57]                                                         beta = 2.9323e6
[ERROR(2) utils:70]                                                         Returning alpha_min = 1.7854e-3
[INFO (2) utils:27]                                                     * Leaving quadmin
[TRACE(2) nocedal:303]                                                  Trying bisection
[TRACE(2) nocedal:311]                                                  New value of a_j = 1.9897e-2
[INFO (2) common:56]                                                    * Entering eval
[INFO (2) augmented_lagrangian:475]                                         * Entering eval
[TRACE(2) augmented_lagrangian:190]                                             Evaluated inequality constraint value: 5.4477e2
[INFO (2) augmented_lagrangian:475]                                         * Leaving eval
[INFO (2) common:56]                                                    * Leaving eval
[INFO (2) utils:263]                                                    * Entering satisfies_armijo
[TRACE(2) utils:273]                                                        armijo: left = 2.6778e3 right = 1.9374e3
[TRACE(2) utils:274]                                                        Satisfies Armijo false
[INFO (2) utils:263]                                                    * Leaving satisfies_armijo
[TRACE(2) nocedal:322]                                                  Failed armijo condition with true true
[DEBUG(2) nocedal:256]                                                  ...............zoom iter = 3
[TRACE(2) nocedal:257]                                                  cchk = 7.9590e-3  qchk = 3.9795e-3
[TRACE(2) nocedal:272]                                                  dalpha = 1.9897e-2 a_lo = 0.0000e0 a_hi = 1.9897e-2
[TRACE(2) nocedal:281]                                                  trying cubic interpolation
[INFO (2) utils:150]                                                    * Entering cubicmin3
[TRACE(2) utils:162]                                                        Enterin with a = 0.0000e0, b = 1.9897e-2, c = 3.9795e-2
[TRACE(2) utils:163]                                                        phi_a = 1.9374e3, phi_b = 2.6778e3, phi_c = 6.1645e3
[TRACE(2) utils:169]                                                        db = 1.9897e-2, dc = 3.9795e-2, denom = -1.2475e-8
[ERROR(2) utils:204]                                                        Returning alpha_min = 2.6608e-3
[INFO (2) utils:150]                                                    * Leaving cubicmin3
[TRACE(2) nocedal:294]                                                  trying quadratic interpolation
[INFO (2) utils:27]                                                     * Entering quadmin
[TRACE(2) utils:37]                                                         Entering with phi_a = 1.9374e3, phi_b = 2.6778e3, dphi_a = -1.0471e4, b = 1.9897e-2
[TRACE(2) utils:44]                                                         db = 1.9897e-2
[TRACE(2) utils:57]                                                         beta = 2.3962e6
[ERROR(2) utils:70]                                                         Returning alpha_min = 2.1849e-3
[INFO (2) utils:27]                                                     * Leaving quadmin
[TRACE(2) nocedal:311]                                                  New value of a_j = 2.1849e-3
[INFO (2) common:56]                                                    * Entering eval
[INFO (2) augmented_lagrangian:475]                                         * Entering eval
[TRACE(2) augmented_lagrangian:190]                                             Evaluated inequality constraint value: 1.3073e3
[INFO (2) augmented_lagrangian:475]                                         * Leaving eval
[INFO (2) common:56]                                                    * Leaving eval
[INFO (2) utils:263]                                                    * Entering satisfies_armijo
[TRACE(2) utils:273]                                                        armijo: left = 1.9240e3 right = 1.9374e3
[TRACE(2) utils:274]                                                        Satisfies Armijo true
[INFO (2) utils:263]                                                    * Leaving satisfies_armijo
[TRACE(2) nocedal:332]                                                  Passed armijo condition
[INFO (2) common:66]                                                    * Entering diff
[INFO (2) augmented_lagrangian:499]                                         * Entering grad
[TRACE(2) augmented_lagrangian:211]                                             Evaluated inequality constraint gradient norm: 5.1133e2
[INFO (2) augmented_lagrangian:499]                                         * Leaving grad
[INFO (2) common:66]                                                    * Leaving diff
[TRACE(2) nocedal:338]                                                  Passed curvature condition
[ERROR(2) nocedal:339]                                                  Returning a_j = 2.1849e-3 phi_aj = 1.9240e3 dphi_aj = -1.6666e3
[INFO (2) nocedal:225]                                              * Leaving zoom
[ERROR(2) nocedal:132]                                              Leaving with 2.1849e-3 1.9240e3 -1.6666e3
[INFO (2) nocedal:51]                                           * Leaving search
[INFO (2) augmented_lagrangian:499]                             * Entering grad
[TRACE(2) augmented_lagrangian:211]                                 Evaluated inequality constraint gradient norm: 5.1133e2
[INFO (2) augmented_lagrangian:499]                             * Leaving grad
[INFO (2) mod:49]                                           * Leaving search
[INFO (2) conjugate_gradient:87]                            * Entering update_direction
[TRACE(2) conjugate_gradient:99]                                norm_grad_fk1 = 1.0233e2 norm_grad_fk = 1.6287e1
[DEBUG(2) conjugate_gradient:123]                               Applying polak-ribiere update
[DEBUG(2) conjugate_gradient:134]                               beta = 0.0000e0
[INFO (2) conjugate_gradient:87]                            * Leaving update_direction
[INFO (2) conjugate_gradient:139]                           * Entering is_converged
[INFO (2) conjugate_gradient:139]                           * Leaving is_converged
[INFO (2) conjugate_gradient:166]                           ======================================================================== i = 3
[TRACE(2) conjugate_gradient:167]                           Current solution: | 14.98342190794554 10.08225423372247 9.884063897506277 9.925493027544388 9.925493075550147 |

[INFO (2) conjugate_gradient:168]                           Current values: fx=1.9240e3, norm_grad_fx=1.6287e1
[INFO (2) conjugate_gradient:169]                           Convergence measures:
[INFO (2) conjugate_gradient:171]                           ||∇f(k)|| / ||∇f(0)|| = 2.4926e-2
[INFO (2) conjugate_gradient:67]                            * Entering apply_restart
[INFO (2) conjugate_gradient:67]                            * Leaving apply_restart
[INFO (2) utils:321]                                        * Entering initial_step
[TRACE(2) utils:329]                                            phi1 = 1.9240e3, phi0 = 1.9374e3 dphi1 = -2.6528e2
[TRACE(2) utils:334]                                            stp1 = 1.0000e0 stp2 = 1.0179e-1
[TRACE(2) utils:335]                                            returning 1.0179e-1
[INFO (2) utils:321]                                        * Leaving initial_step
[INFO (2) mod:49]                                           * Entering search
[TRACE(2) mod:59]                                               Running with parameters:
[TRACE(2) mod:60]                                               iter_data: fx=1.9240e3, norm_grad_fx=1.6287e1
[TRACE(2) mod:61]                                               alpha_init: 0.10179440057680748
[INFO (2) common:30]                                            * Entering new
[INFO (2) common:30]                                            * Leaving new
[INFO (2) factory:30]                                           * Entering create
[INFO (2) nocedal:37]                                               * Entering new
[INFO (2) nocedal:37]                                               * Leaving new
[INFO (2) factory:30]                                           * Leaving create
[INFO (2) nocedal:51]                                           * Entering search
[TRACE(2) nocedal:60]                                               Entering with phi0 = 1.9240e3 dphi0 = -2.6528e2
[INFO (2) common:56]                                                * Entering eval
[INFO (2) augmented_lagrangian:475]                                     * Entering eval
[TRACE(2) augmented_lagrangian:190]                                         Evaluated inequality constraint value: 5.9697e2
[INFO (2) augmented_lagrangian:475]                                     * Leaving eval
[INFO (2) common:56]                                                * Leaving eval
[TRACE(2) nocedal:80]                                               --------------------------------------- nocedal it = 0
[TRACE(2) nocedal:81]                                               alpha0 = 0.0000e0 alpha1 = 1.0179e-1
[TRACE(2) nocedal:82]                                               phi_a0 = 1.9240e3 phi1 2.5425e3
[TRACE(2) nocedal:83]                                               dphi_aa0 = -2.6528e2 dphi1 0.0000e0
[INFO (2) utils:263]                                                * Entering satisfies_armijo
[TRACE(2) utils:273]                                                    armijo: left = 2.5425e3 right = 1.9240e3
[TRACE(2) utils:274]                                                    Satisfies Armijo false
[INFO (2) utils:263]                                                * Leaving satisfies_armijo
[TRACE(2) nocedal:103]                                              Does not satisfy armijo
[INFO (2) nocedal:225]                                              * Entering zoom
[TRACE(2) nocedal:242]                                                  Entering with a_lo = 0.0000e0 a_hi = 1.0179e-1 phi_lo = 1.9240e3 phi_hi = 2.5425e3
[TRACE(2) nocedal:243]                                                  phi0 = 1.9240e3 dphi0 = -2.6528e2 c1 = 1.0000e-4 c2 = 4.0000e-1
[DEBUG(2) nocedal:256]                                                  ...............zoom iter = 0
[TRACE(2) nocedal:257]                                                  cchk = 0.0000e0  qchk = 0.0000e0
[TRACE(2) nocedal:272]                                                  dalpha = 1.0179e-1 a_lo = 0.0000e0 a_hi = 1.0179e-1
[TRACE(2) nocedal:294]                                                  trying quadratic interpolation
[INFO (2) utils:27]                                                     * Entering quadmin
[TRACE(2) utils:37]                                                         Entering with phi_a = 1.9240e3, phi_b = 2.5425e3, dphi_a = -2.6528e2, b = 1.0179e-1
[TRACE(2) utils:44]                                                         db = 1.0179e-1
[TRACE(2) utils:57]                                                         beta = 6.2289e4
[ERROR(2) utils:70]                                                         Returning alpha_min = 2.1294e-3
[INFO (2) utils:27]                                                     * Leaving quadmin
[TRACE(2) nocedal:303]                                                  Trying bisection
[TRACE(2) nocedal:311]                                                  New value of a_j = 5.0897e-2
[INFO (2) common:56]                                                    * Entering eval
[INFO (2) augmented_lagrangian:475]                                         * Entering eval
[TRACE(2) augmented_lagrangian:190]                                             Evaluated inequality constraint value: 9.1777e2
[INFO (2) augmented_lagrangian:475]                                         * Leaving eval
[INFO (2) common:56]                                                    * Leaving eval
[INFO (2) utils:263]                                                    * Entering satisfies_armijo
[TRACE(2) utils:273]                                                        armijo: left = 2.0591e3 right = 1.9240e3
[TRACE(2) utils:274]                                                        Satisfies Armijo false
[INFO (2) utils:263]                                                    * Leaving satisfies_armijo
[TRACE(2) nocedal:322]                                                  Failed armijo condition with true true
[DEBUG(2) nocedal:256]                                                  ...............zoom iter = 1
[TRACE(2) nocedal:257]                                                  cchk = 0.0000e0  qchk = 1.0179e-2
[TRACE(2) nocedal:272]                                                  dalpha = 5.0897e-2 a_lo = 0.0000e0 a_hi = 5.0897e-2
[TRACE(2) nocedal:281]                                                  trying cubic interpolation
[INFO (2) utils:150]                                                    * Entering cubicmin3
[TRACE(2) utils:162]                                                        Enterin with a = 0.0000e0, b = 5.0897e-2, c = 1.0179e-1
[TRACE(2) utils:163]                                                        phi_a = 1.9240e3, phi_b = 2.0591e3, phi_c = 2.5425e3
[TRACE(2) utils:169]                                                        db = 5.0897e-2, dc = 1.0179e-1, denom = -1.3662e-6
[ERROR(2) utils:204]                                                        Returning alpha_min = 2.5125e-3
[INFO (2) utils:150]                                                    * Leaving cubicmin3
[TRACE(2) nocedal:294]                                                  trying quadratic interpolation
[INFO (2) utils:27]                                                     * Entering quadmin
[TRACE(2) utils:37]                                                         Entering with phi_a = 1.9240e3, phi_b = 2.0591e3, dphi_a = -2.6528e2, b = 5.0897e-2
[TRACE(2) utils:44]                                                         db = 5.0897e-2
[TRACE(2) utils:57]                                                         beta = 5.7358e4
[ERROR(2) utils:70]                                                         Returning alpha_min = 2.3125e-3
[INFO (2) utils:27]                                                     * Leaving quadmin
[TRACE(2) nocedal:303]                                                  Trying bisection
[TRACE(2) nocedal:311]                                                  New value of a_j = 2.5449e-2
[INFO (2) common:56]                                                    * Entering eval
[INFO (2) augmented_lagrangian:475]                                         * Entering eval
[TRACE(2) augmented_lagrangian:190]                                             Evaluated inequality constraint value: 1.1039e3
[INFO (2) augmented_lagrangian:475]                                         * Leaving eval
[INFO (2) common:56]                                                    * Leaving eval
[INFO (2) utils:263]                                                    * Entering satisfies_armijo
[TRACE(2) utils:273]                                                        armijo: left = 1.9529e3 right = 1.9240e3
[TRACE(2) utils:274]                                                        Satisfies Armijo false
[INFO (2) utils:263]                                                    * Leaving satisfies_armijo
[TRACE(2) nocedal:322]                                                  Failed armijo condition with true true
[DEBUG(2) nocedal:256]                                                  ...............zoom iter = 2
[TRACE(2) nocedal:257]                                                  cchk = 1.0179e-2  qchk = 5.0897e-3
[TRACE(2) nocedal:272]                                                  dalpha = 2.5449e-2 a_lo = 0.0000e0 a_hi = 2.5449e-2
[TRACE(2) nocedal:281]                                                  trying cubic interpolation
[INFO (2) utils:150]                                                    * Entering cubicmin3
[TRACE(2) utils:162]                                                        Enterin with a = 0.0000e0, b = 2.5449e-2, c = 5.0897e-2
[TRACE(2) utils:163]                                                        phi_a = 1.9240e3, phi_b = 1.9529e3, phi_c = 2.0591e3
[TRACE(2) utils:169]                                                        db = 2.5449e-2, dc = 5.0897e-2, denom = -4.2695e-8
[ERROR(2) utils:204]                                                        Returning alpha_min = 2.5005e-3
[INFO (2) utils:150]                                                    * Leaving cubicmin3
[TRACE(2) nocedal:294]                                                  trying quadratic interpolation
[INFO (2) utils:27]                                                     * Entering quadmin
[TRACE(2) utils:37]                                                         Entering with phi_a = 1.9240e3, phi_b = 1.9529e3, dphi_a = -2.6528e2, b = 2.5449e-2
[TRACE(2) utils:44]                                                         db = 2.5449e-2
[TRACE(2) utils:57]                                                         beta = 5.5029e4
[ERROR(2) utils:70]                                                         Returning alpha_min = 2.4103e-3
[INFO (2) utils:27]                                                     * Leaving quadmin
[TRACE(2) nocedal:303]                                                  Trying bisection
[TRACE(2) nocedal:311]                                                  New value of a_j = 1.2724e-2
[INFO (2) common:56]                                                    * Entering eval
[INFO (2) augmented_lagrangian:475]                                         * Entering eval
[TRACE(2) augmented_lagrangian:190]                                             Evaluated inequality constraint value: 1.2035e3
[INFO (2) augmented_lagrangian:475]                                         * Leaving eval
[INFO (2) common:56]                                                    * Leaving eval
[INFO (2) utils:263]                                                    * Entering satisfies_armijo
[TRACE(2) utils:273]                                                        armijo: left = 1.9294e3 right = 1.9240e3
[TRACE(2) utils:274]                                                        Satisfies Armijo false
[INFO (2) utils:263]                                                    * Leaving satisfies_armijo
[TRACE(2) nocedal:322]                                                  Failed armijo condition with true true
[DEBUG(2) nocedal:256]                                                  ...............zoom iter = 3
[TRACE(2) nocedal:257]                                                  cchk = 5.0897e-3  qchk = 2.5449e-3
[TRACE(2) nocedal:272]                                                  dalpha = 1.2724e-2 a_lo = 0.0000e0 a_hi = 1.2724e-2
[TRACE(2) nocedal:281]                                                  trying cubic interpolation
[INFO (2) utils:150]                                                    * Entering cubicmin3
[TRACE(2) utils:162]                                                        Enterin with a = 0.0000e0, b = 1.2724e-2, c = 2.5449e-2
[TRACE(2) utils:163]                                                        phi_a = 1.9240e3, phi_b = 1.9294e3, phi_c = 1.9529e3
[TRACE(2) utils:169]                                                        db = 1.2724e-2, dc = 2.5449e-2, denom = -1.3342e-9
[ERROR(2) utils:204]                                                        Returning alpha_min = 2.4978e-3
[INFO (2) utils:150]                                                    * Leaving cubicmin3
[TRACE(2) nocedal:294]                                                  trying quadratic interpolation
[INFO (2) utils:27]                                                     * Entering quadmin
[TRACE(2) utils:37]                                                         Entering with phi_a = 1.9240e3, phi_b = 1.9294e3, dphi_a = -2.6528e2, b = 1.2724e-2
[TRACE(2) utils:44]                                                         db = 1.2724e-2
[TRACE(2) utils:57]                                                         beta = 5.3899e4
[ERROR(2) utils:70]                                                         Returning alpha_min = 2.4609e-3
[INFO (2) utils:27]                                                     * Leaving quadmin
[TRACE(2) nocedal:311]                                                  New value of a_j = 2.4609e-3
[INFO (2) common:56]                                                    * Entering eval
[INFO (2) augmented_lagrangian:475]                                         * Entering eval
[TRACE(2) augmented_lagrangian:190]                                             Evaluated inequality constraint value: 1.2869e3
[INFO (2) augmented_lagrangian:475]                                         * Leaving eval
[INFO (2) common:56]                                                    * Leaving eval
[INFO (2) utils:263]                                                    * Entering satisfies_armijo
[TRACE(2) utils:273]                                                        armijo: left = 1.9237e3 right = 1.9240e3
[TRACE(2) utils:274]                                                        Satisfies Armijo true
[INFO (2) utils:263]                                                    * Leaving satisfies_armijo
[TRACE(2) nocedal:332]                                                  Passed armijo condition
[INFO (2) common:66]                                                    * Entering diff
[INFO (2) augmented_lagrangian:499]                                         * Entering grad
[TRACE(2) augmented_lagrangian:211]                                             Evaluated inequality constraint gradient norm: 5.0732e2
[INFO (2) augmented_lagrangian:499]                                         * Leaving grad
[INFO (2) common:66]                                                    * Leaving diff
[TRACE(2) nocedal:338]                                                  Passed curvature condition
[ERROR(2) nocedal:339]                                                  Returning a_j = 2.4609e-3 phi_aj = 1.9237e3 dphi_aj = -3.8809e0
[INFO (2) nocedal:225]                                              * Leaving zoom
[ERROR(2) nocedal:132]                                              Leaving with 2.4609e-3 1.9237e3 -3.8809e0
[INFO (2) nocedal:51]                                           * Leaving search
[INFO (2) augmented_lagrangian:499]                             * Entering grad
[TRACE(2) augmented_lagrangian:211]                                 Evaluated inequality constraint gradient norm: 5.0732e2
[INFO (2) augmented_lagrangian:499]                             * Leaving grad
[INFO (2) mod:49]                                           * Leaving search
[INFO (2) conjugate_gradient:87]                            * Entering update_direction
[TRACE(2) conjugate_gradient:99]                                norm_grad_fk1 = 1.6287e1 norm_grad_fk = 2.3838e-1
[DEBUG(2) conjugate_gradient:123]                               Applying polak-ribiere update
[DEBUG(2) conjugate_gradient:134]                               beta = 0.0000e0
[INFO (2) conjugate_gradient:87]                            * Leaving update_direction
[INFO (2) conjugate_gradient:139]                           * Entering is_converged
[INFO (2) conjugate_gradient:139]                           * Leaving is_converged
[INFO (2) conjugate_gradient:220]                           =============================================
[INFO (2) conjugate_gradient:221]                           Converging with reason Rtol
[INFO (2) conjugate_gradient:222]                           Convergence measures:
[INFO (2) conjugate_gradient:224]                           ||∇f(k)|| / ||∇f(0)|| = 3.6482e-4
[INFO (2) conjugate_gradient:225]                           ||∇f(k)|| = 2.3838e-1
[INFO (2) conjugate_gradient:226]                           =============================================
[INFO (2) conjugate_gradient:179]                       * Leaving minimize
[INFO (2) augmented_lagrangian:674]                     * Entering update_penalties_shifts
[INFO (2) augmented_lagrangian:294]                         * Entering compute_max_constraint_violation
[TRACE(2) augmented_lagrangian:313]                             Computing inequality constraint value
[TRACE(2) augmented_lagrangian:314]                             values: DMatrix { data: [4.97649721767165], nrows: 1, ncols: 1 }
[TRACE(2) augmented_lagrangian:315]                             shifts: DMatrix { data: [0.0967258203870345], nrows: 1, ncols: 1 }
[INFO (2) augmented_lagrangian:294]                         * Leaving compute_max_constraint_violation
[TRACE(2) augmented_lagrangian:687]                         constraint_violation_max = 7.2601e0
[TRACE(2) augmented_lagrangian:688]                         max_violation_k = 4.9765e0
[INFO (2) augmented_lagrangian:330]                         * Entering update_unimproved_constraint_violation_indices
[TRACE(2) augmented_lagrangian:358]                             Updating set of unimproved inequality constraints
[TRACE(2) augmented_lagrangian:371]                             New set of unimproved inequality constraints [0] 
[INFO (2) augmented_lagrangian:330]                         * Leaving update_unimproved_constraint_violation_indices
[TRACE(2) augmented_lagrangian:696]                         Constraint did not improve, increasing penalties
[INFO (2) augmented_lagrangian:378]                         * Entering increase_penalties
[TRACE(2) augmented_lagrangian:404]                             Increasing equality penalties
[TRACE(2) augmented_lagrangian:412]                             Constraint index 0, new penalty 1.0000e3 new_shift 9.6726e-3
[INFO (2) augmented_lagrangian:378]                         * Leaving increase_penalties
[INFO (2) augmented_lagrangian:674]                     * Leaving update_penalties_shifts
[INFO (2) augmented_lagrangian:499]                     * Entering grad
[TRACE(2) augmented_lagrangian:211]                         Evaluated inequality constraint gradient norm: 4.9862e3
[INFO (2) augmented_lagrangian:499]                     * Leaving grad
[INFO (2) augmented_lagrangian:616]                     * Entering is_converged
[TRACE(2) augmented_lagrangian:624]                         grad_norm = 4.4791e3 max_constraint_violation = 4.9765e0
[TRACE(2) augmented_lagrangian:636]                         rtol_converged = false
[TRACE(2) augmented_lagrangian:637]                         atol_converged = false
[TRACE(2) augmented_lagrangian:638]                         ctol_converged = false
[INFO (2) augmented_lagrangian:616]                     * Leaving is_converged
[INFO (2) augmented_lagrangian:663]                     ******************************************************************************************** i = 5
[TRACE(2) augmented_lagrangian:664]                     Current solution: |  15.02350278232835 10.082248755727747  9.884079236713546  9.925497098886304  9.925497146884192 |

[INFO (2) augmented_lagrangian:665]                     Current values: fx=1.9237e3, norm_grad_fx=4.4791e3
[INFO (2) augmented_lagrangian:666]                     Convergence measures:
[INFO (2) augmented_lagrangian:668]                     ||∇f(k)|| / ||∇f(0)|| = 7.3787e-4
[INFO (2) augmented_lagrangian:669]                     Kmax = 4.9765e0
[INFO (2) augmented_lagrangian:569]                     * Entering set_uncon_options
[INFO (2) augmented_lagrangian:275]                         * Entering compute_max_penalty
[INFO (2) augmented_lagrangian:275]                         * Leaving compute_max_penalty
[TRACE(2) augmented_lagrangian:597]                         max_penalty = 1.0000e3 max_violation = 4.9765e0 raw rtol = 2.4766e0
[TRACE(2) augmented_lagrangian:604]                         Setting Unconstrained options rtol = 1.0000e-3  max_iter 50
[INFO (2) augmented_lagrangian:569]                     * Leaving set_uncon_options
[INFO (2) factory:53]                                   * Entering create
[INFO (2) conjugate_gradient:50]                            * Entering new
[INFO (2) augmented_lagrangian:499]                             * Entering grad
[TRACE(2) augmented_lagrangian:211]                                 Evaluated inequality constraint gradient norm: 4.9862e3
[INFO (2) augmented_lagrangian:499]                             * Leaving grad
[INFO (2) conjugate_gradient:50]                            * Leaving new
[INFO (2) factory:53]                                   * Leaving create
[INFO (2) conjugate_gradient:179]                       * Entering minimize
[INFO (2) augmented_lagrangian:475]                         * Entering eval
[TRACE(2) augmented_lagrangian:190]                             Evaluated inequality constraint value: 1.2431e4
[INFO (2) augmented_lagrangian:475]                         * Leaving eval
[INFO (2) augmented_lagrangian:499]                         * Entering grad
[TRACE(2) augmented_lagrangian:211]                             Evaluated inequality constraint gradient norm: 4.9862e3
[INFO (2) augmented_lagrangian:499]                         * Leaving grad
[INFO (2) conjugate_gradient:166]                           ======================================================================== i = 1
[TRACE(2) conjugate_gradient:167]                           Current solution: |  15.02350278232835 10.082248755727747  9.884079236713546  9.925497098886304  9.925497146884192 |

[INFO (2) conjugate_gradient:168]                           Current values: fx=1.3068e4, norm_grad_fx=4.4791e3
[INFO (2) conjugate_gradient:169]                           Convergence measures:
[INFO (2) conjugate_gradient:171]                           ||∇f(k)|| / ||∇f(0)|| = 1.0000e0
[INFO (2) conjugate_gradient:67]                            * Entering apply_restart
[INFO (2) conjugate_gradient:67]                            * Leaving apply_restart
[INFO (2) utils:321]                                        * Entering initial_step
[TRACE(2) utils:329]                                            phi1 = 1.3068e4, phi0 = 1.5307e4 dphi1 = -2.0062e7
[TRACE(2) utils:334]                                            stp1 = 1.0000e0 stp2 = 2.2549e-4
[TRACE(2) utils:335]                                            returning 2.2549e-4
[INFO (2) utils:321]                                        * Leaving initial_step
[INFO (2) mod:49]                                           * Entering search
[TRACE(2) mod:59]                                               Running with parameters:
[TRACE(2) mod:60]                                               iter_data: fx=1.3068e4, norm_grad_fx=4.4791e3
[TRACE(2) mod:61]                                               alpha_init: 0.00022549244462128417
[INFO (2) common:30]                                            * Entering new
[INFO (2) common:30]                                            * Leaving new
[INFO (2) factory:30]                                           * Entering create
[INFO (2) nocedal:37]                                               * Entering new
[INFO (2) nocedal:37]                                               * Leaving new
[INFO (2) factory:30]                                           * Leaving create
[INFO (2) nocedal:51]                                           * Entering search
[TRACE(2) nocedal:60]                                               Entering with phi0 = 1.3068e4 dphi0 = -2.0062e7
[INFO (2) common:56]                                                * Entering eval
[INFO (2) augmented_lagrangian:475]                                     * Entering eval
[TRACE(2) augmented_lagrangian:190]                                         Evaluated inequality constraint value: 7.9050e3
[INFO (2) augmented_lagrangian:475]                                     * Leaving eval
[INFO (2) common:56]                                                * Leaving eval
[TRACE(2) nocedal:80]                                               --------------------------------------- nocedal it = 0
[TRACE(2) nocedal:81]                                               alpha0 = 0.0000e0 alpha1 = 2.2549e-4
[TRACE(2) nocedal:82]                                               phi_a0 = 1.3068e4 phi1 9.2302e3
[TRACE(2) nocedal:83]                                               dphi_aa0 = -2.0062e7 dphi1 0.0000e0
[INFO (2) utils:263]                                                * Entering satisfies_armijo
[TRACE(2) utils:273]                                                    armijo: left = 9.2302e3 right = 1.3067e4
[TRACE(2) utils:274]                                                    Satisfies Armijo true
[INFO (2) utils:263]                                                * Leaving satisfies_armijo
[INFO (2) common:66]                                                * Entering diff
[INFO (2) augmented_lagrangian:499]                                     * Entering grad
[TRACE(2) augmented_lagrangian:211]                                         Evaluated inequality constraint gradient norm: 3.9762e3
[INFO (2) augmented_lagrangian:499]                                     * Leaving grad
[INFO (2) common:66]                                                * Leaving diff
[TRACE(2) nocedal:143]                                              dphi_a1 = -1.3874e7
[TRACE(2) nocedal:203]                                              Doubling alpha for next iteration to 4.5098e-4
[INFO (2) common:56]                                                * Entering eval
[INFO (2) augmented_lagrangian:475]                                     * Entering eval
[TRACE(2) augmented_lagrangian:190]                                         Evaluated inequality constraint value: 4.3991e3
[INFO (2) augmented_lagrangian:475]                                     * Leaving eval
[INFO (2) common:56]                                                * Leaving eval
[TRACE(2) nocedal:80]                                               --------------------------------------- nocedal it = 1
[TRACE(2) nocedal:81]                                               alpha0 = 2.2549e-4 alpha1 = 4.5098e-4
[TRACE(2) nocedal:82]                                               phi_a0 = 9.2302e3 phi1 6.8603e3
[TRACE(2) nocedal:83]                                               dphi_aa0 = -1.3874e7 dphi1 -1.3874e7
[INFO (2) utils:263]                                                * Entering satisfies_armijo
[TRACE(2) utils:273]                                                    armijo: left = 6.8603e3 right = 1.3067e4
[TRACE(2) utils:274]                                                    Satisfies Armijo true
[INFO (2) utils:263]                                                * Leaving satisfies_armijo
[INFO (2) common:66]                                                * Entering diff
[INFO (2) augmented_lagrangian:499]                                     * Entering grad
[TRACE(2) augmented_lagrangian:211]                                         Evaluated inequality constraint gradient norm: 2.9662e3
[INFO (2) augmented_lagrangian:499]                                     * Leaving grad
[INFO (2) common:66]                                                * Leaving diff
[TRACE(2) nocedal:143]                                              dphi_a1 = -7.0251e6
[TRACE(2) nocedal:148]                                              Satisfies curvature
[TRACE(2) nocedal:149]                                              Returning alpha = 4.5098e-4 falpha = 6.8603e3
[INFO (2) nocedal:51]                                           * Leaving search
[INFO (2) augmented_lagrangian:499]                             * Entering grad
[TRACE(2) augmented_lagrangian:211]                                 Evaluated inequality constraint gradient norm: 2.9662e3
[INFO (2) augmented_lagrangian:499]                             * Leaving grad
[INFO (2) mod:49]                                           * Leaving search
[INFO (2) conjugate_gradient:87]                            * Entering update_direction
[TRACE(2) conjugate_gradient:99]                                norm_grad_fk1 = 4.4791e3 norm_grad_fk = 1.5684e3
[DEBUG(2) conjugate_gradient:123]                               Applying polak-ribiere update
[DEBUG(2) conjugate_gradient:134]                               beta = 0.0000e0
[INFO (2) conjugate_gradient:87]                            * Leaving update_direction
[INFO (2) conjugate_gradient:139]                           * Entering is_converged
[INFO (2) conjugate_gradient:139]                           * Leaving is_converged
[INFO (2) conjugate_gradient:166]                           ======================================================================== i = 2
[TRACE(2) conjugate_gradient:167]                           Current solution: |  17.04350278232587 10.082247752013725  9.884082046709395  9.925497844890954  9.925497892887401 |

[INFO (2) conjugate_gradient:168]                           Current values: fx=6.8603e3, norm_grad_fx=1.5684e3
[INFO (2) conjugate_gradient:169]                           Convergence measures:
[INFO (2) conjugate_gradient:171]                           ||∇f(k)|| / ||∇f(0)|| = 3.5017e-1
[INFO (2) conjugate_gradient:67]                            * Entering apply_restart
[INFO (2) conjugate_gradient:67]                            * Leaving apply_restart
[INFO (2) utils:321]                                        * Entering initial_step
[TRACE(2) utils:329]                                            phi1 = 6.8603e3, phi0 = 1.3068e4 dphi1 = -2.4600e6
[TRACE(2) utils:334]                                            stp1 = 1.0000e0 stp2 = 5.0972e-3
[TRACE(2) utils:335]                                            returning 5.0972e-3
[INFO (2) utils:321]                                        * Leaving initial_step
[INFO (2) mod:49]                                           * Entering search
[TRACE(2) mod:59]                                               Running with parameters:
[TRACE(2) mod:60]                                               iter_data: fx=6.8603e3, norm_grad_fx=1.5684e3
[TRACE(2) mod:61]                                               alpha_init: 0.005097227858031094
[INFO (2) common:30]                                            * Entering new
[INFO (2) common:30]                                            * Leaving new
[INFO (2) factory:30]                                           * Entering create
[INFO (2) nocedal:37]                                               * Entering new
[INFO (2) nocedal:37]                                               * Leaving new
[INFO (2) factory:30]                                           * Leaving create
[INFO (2) nocedal:51]                                           * Entering search
[TRACE(2) nocedal:60]                                               Entering with phi0 = 6.8603e3 dphi0 = -2.4600e6
[INFO (2) common:56]                                                * Entering eval
[INFO (2) augmented_lagrangian:475]                                     * Entering eval
[TRACE(2) augmented_lagrangian:190]                                         Evaluated inequality constraint value: 0.0000e0
[INFO (2) augmented_lagrangian:475]                                     * Leaving eval
[INFO (2) common:56]                                                * Leaving eval
[TRACE(2) nocedal:80]                                               --------------------------------------- nocedal it = 0
[TRACE(2) nocedal:81]                                               alpha0 = 0.0000e0 alpha1 = 5.0972e-3
[TRACE(2) nocedal:82]                                               phi_a0 = 6.8603e3 phi1 5.1142e4
[TRACE(2) nocedal:83]                                               dphi_aa0 = -2.4600e6 dphi1 0.0000e0
[INFO (2) utils:263]                                                * Entering satisfies_armijo
[TRACE(2) utils:273]                                                    armijo: left = 5.1142e4 right = 6.8591e3
[TRACE(2) utils:274]                                                    Satisfies Armijo false
[INFO (2) utils:263]                                                * Leaving satisfies_armijo
[TRACE(2) nocedal:103]                                              Does not satisfy armijo
[INFO (2) nocedal:225]                                              * Entering zoom
[TRACE(2) nocedal:242]                                                  Entering with a_lo = 0.0000e0 a_hi = 5.0972e-3 phi_lo = 6.8603e3 phi_hi = 5.1142e4
[TRACE(2) nocedal:243]                                                  phi0 = 6.8603e3 dphi0 = -2.4600e6 c1 = 1.0000e-4 c2 = 4.0000e-1
[DEBUG(2) nocedal:256]                                                  ...............zoom iter = 0
[TRACE(2) nocedal:257]                                                  cchk = 0.0000e0  qchk = 0.0000e0
[TRACE(2) nocedal:272]                                                  dalpha = 5.0972e-3 a_lo = 0.0000e0 a_hi = 5.0972e-3
[TRACE(2) nocedal:294]                                                  trying quadratic interpolation
[INFO (2) utils:27]                                                     * Entering quadmin
[TRACE(2) utils:37]                                                         Entering with phi_a = 6.8603e3, phi_b = 5.1142e4, dphi_a = -2.4600e6, b = 5.0972e-3
[TRACE(2) utils:44]                                                         db = 5.0972e-3
[TRACE(2) utils:57]                                                         beta = 2.1870e9
[ERROR(2) utils:70]                                                         Returning alpha_min = 5.6242e-4
[INFO (2) utils:27]                                                     * Leaving quadmin
[TRACE(2) nocedal:311]                                                  New value of a_j = 5.6242e-4
[INFO (2) common:56]                                                    * Entering eval
[INFO (2) augmented_lagrangian:475]                                         * Entering eval
[TRACE(2) augmented_lagrangian:190]                                             Evaluated inequality constraint value: 2.1716e3
[INFO (2) augmented_lagrangian:475]                                         * Leaving eval
[INFO (2) common:56]                                                    * Leaving eval
[INFO (2) utils:263]                                                    * Entering satisfies_armijo
[TRACE(2) utils:273]                                                        armijo: left = 6.1174e3 right = 6.8602e3
[TRACE(2) utils:274]                                                        Satisfies Armijo true
[INFO (2) utils:263]                                                    * Leaving satisfies_armijo
[TRACE(2) nocedal:332]                                                  Passed armijo condition
[INFO (2) common:66]                                                    * Entering diff
[INFO (2) augmented_lagrangian:499]                                         * Entering grad
[TRACE(2) augmented_lagrangian:211]                                             Evaluated inequality constraint gradient norm: 2.0841e3
[INFO (2) augmented_lagrangian:499]                                         * Leaving grad
[INFO (2) common:66]                                                    * Leaving diff
[TRACE(2) nocedal:338]                                                  Passed curvature condition
[ERROR(2) nocedal:339]                                                  Returning a_j = 5.6242e-4 phi_aj = 6.1174e3 dphi_aj = -1.4531e5
[INFO (2) nocedal:225]                                              * Leaving zoom
[ERROR(2) nocedal:132]                                              Leaving with 5.6242e-4 6.1174e3 -1.4531e5
[INFO (2) nocedal:51]                                           * Leaving search
[INFO (2) augmented_lagrangian:499]                             * Entering grad
[TRACE(2) augmented_lagrangian:211]                                 Evaluated inequality constraint gradient norm: 2.0841e3
[INFO (2) augmented_lagrangian:499]                             * Leaving grad
[INFO (2) mod:49]                                           * Leaving search
[INFO (2) conjugate_gradient:87]                            * Entering update_direction
[TRACE(2) conjugate_gradient:99]                                norm_grad_fk1 = 1.5684e3 norm_grad_fk = 9.2644e1
[DEBUG(2) conjugate_gradient:123]                               Applying polak-ribiere update
[DEBUG(2) conjugate_gradient:134]                               beta = 0.0000e0
[INFO (2) conjugate_gradient:87]                            * Leaving update_direction
[INFO (2) conjugate_gradient:139]                           * Entering is_converged
[INFO (2) conjugate_gradient:139]                           * Leaving is_converged
[INFO (2) conjugate_gradient:166]                           ======================================================================== i = 3
[TRACE(2) conjugate_gradient:167]                           Current solution: |  17.92562194317414 10.082246500331811   9.88408555078913   9.92549877520242   9.92549882319707 |

[INFO (2) conjugate_gradient:168]                           Current values: fx=6.1174e3, norm_grad_fx=9.2644e1
[INFO (2) conjugate_gradient:169]                           Convergence measures:
[INFO (2) conjugate_gradient:171]                           ||∇f(k)|| / ||∇f(0)|| = 2.0684e-2
[INFO (2) conjugate_gradient:67]                            * Entering apply_restart
[INFO (2) conjugate_gradient:67]                            * Leaving apply_restart
[INFO (2) utils:321]                                        * Entering initial_step
[TRACE(2) utils:329]                                            phi1 = 6.1174e3, phi0 = 6.8603e3 dphi1 = -8.5828e3
[TRACE(2) utils:334]                                            stp1 = 1.0000e0 stp2 = 1.7485e-1
[TRACE(2) utils:335]                                            returning 1.7485e-1
[INFO (2) utils:321]                                        * Leaving initial_step
[INFO (2) mod:49]                                           * Entering search
[TRACE(2) mod:59]                                               Running with parameters:
[TRACE(2) mod:60]                                               iter_data: fx=6.1174e3, norm_grad_fx=9.2644e1
[TRACE(2) mod:61]                                               alpha_init: 0.17484605488402857
[INFO (2) common:30]                                            * Entering new
[INFO (2) common:30]                                            * Leaving new
[INFO (2) factory:30]                                           * Entering create
[INFO (2) nocedal:37]                                               * Entering new
[INFO (2) nocedal:37]                                               * Leaving new
[INFO (2) factory:30]                                           * Leaving create
[INFO (2) nocedal:51]                                           * Entering search
[TRACE(2) nocedal:60]                                               Entering with phi0 = 6.1174e3 dphi0 = -8.5828e3
[INFO (2) common:56]                                                * Entering eval
[INFO (2) augmented_lagrangian:475]                                     * Entering eval
[TRACE(2) augmented_lagrangian:190]                                         Evaluated inequality constraint value: 0.0000e0
[INFO (2) augmented_lagrangian:475]                                     * Leaving eval
[INFO (2) common:56]                                                * Leaving eval
[TRACE(2) nocedal:80]                                               --------------------------------------- nocedal it = 0
[TRACE(2) nocedal:81]                                               alpha0 = 0.0000e0 alpha1 = 1.7485e-1
[TRACE(2) nocedal:82]                                               phi_a0 = 6.1174e3 phi1 3.3868e5
[TRACE(2) nocedal:83]                                               dphi_aa0 = -8.5828e3 dphi1 0.0000e0
[INFO (2) utils:263]                                                * Entering satisfies_armijo
[TRACE(2) utils:273]                                                    armijo: left = 3.3868e5 right = 6.1173e3
[TRACE(2) utils:274]                                                    Satisfies Armijo false
[INFO (2) utils:263]                                                * Leaving satisfies_armijo
[TRACE(2) nocedal:103]                                              Does not satisfy armijo
[INFO (2) nocedal:225]                                              * Entering zoom
[TRACE(2) nocedal:242]                                                  Entering with a_lo = 0.0000e0 a_hi = 1.7485e-1 phi_lo = 6.1174e3 phi_hi = 3.3868e5
[TRACE(2) nocedal:243]                                                  phi0 = 6.1174e3 dphi0 = -8.5828e3 c1 = 1.0000e-4 c2 = 4.0000e-1
[DEBUG(2) nocedal:256]                                                  ...............zoom iter = 0
[TRACE(2) nocedal:257]                                                  cchk = 0.0000e0  qchk = 0.0000e0
[TRACE(2) nocedal:272]                                                  dalpha = 1.7485e-1 a_lo = 0.0000e0 a_hi = 1.7485e-1
[TRACE(2) nocedal:294]                                                  trying quadratic interpolation
[INFO (2) utils:27]                                                     * Entering quadmin
[TRACE(2) utils:37]                                                         Entering with phi_a = 6.1174e3, phi_b = 3.3868e5, dphi_a = -8.5828e3, b = 1.7485e-1
[TRACE(2) utils:44]                                                         db = 1.7485e-1
[TRACE(2) utils:57]                                                         beta = 1.0928e7
[ERROR(2) utils:70]                                                         Returning alpha_min = 3.9271e-4
[INFO (2) utils:27]                                                     * Leaving quadmin
[TRACE(2) nocedal:303]                                                  Trying bisection
[TRACE(2) nocedal:311]                                                  New value of a_j = 8.7423e-2
[INFO (2) common:56]                                                    * Entering eval
[INFO (2) augmented_lagrangian:475]                                         * Entering eval
[TRACE(2) augmented_lagrangian:190]                                             Evaluated inequality constraint value: 0.0000e0
[INFO (2) augmented_lagrangian:475]                                         * Leaving eval
[INFO (2) common:56]                                                    * Leaving eval
[INFO (2) utils:263]                                                    * Entering satisfies_armijo
[TRACE(2) utils:273]                                                        armijo: left = 6.5943e4 right = 6.1173e3
[TRACE(2) utils:274]                                                        Satisfies Armijo false
[INFO (2) utils:263]                                                    * Leaving satisfies_armijo
[TRACE(2) nocedal:322]                                                  Failed armijo condition with true true
[DEBUG(2) nocedal:256]                                                  ...............zoom iter = 1
[TRACE(2) nocedal:257]                                                  cchk = 0.0000e0  qchk = 1.7485e-2
[TRACE(2) nocedal:272]                                                  dalpha = 8.7423e-2 a_lo = 0.0000e0 a_hi = 8.7423e-2
[TRACE(2) nocedal:281]                                                  trying cubic interpolation
[INFO (2) utils:150]                                                    * Entering cubicmin3
[TRACE(2) utils:162]                                                        Enterin with a = 0.0000e0, b = 8.7423e-2, c = 1.7485e-1
[TRACE(2) utils:163]                                                        phi_a = 6.1174e3, phi_b = 6.5943e4, phi_c = 3.3868e5
[TRACE(2) utils:169]                                                        db = 8.7423e-2, dc = 1.7485e-1, denom = -2.0426e-5
[ERROR(2) utils:204]                                                        Returning alpha_min = 8.6368e-4
[INFO (2) utils:150]                                                    * Leaving cubicmin3
[TRACE(2) nocedal:294]                                                  trying quadratic interpolation
[INFO (2) utils:27]                                                     * Entering quadmin
[TRACE(2) utils:37]                                                         Entering with phi_a = 6.1174e3, phi_b = 6.5943e4, dphi_a = -8.5828e3, b = 8.7423e-2
[TRACE(2) utils:44]                                                         db = 8.7423e-2
[TRACE(2) utils:57]                                                         beta = 7.9259e6
[ERROR(2) utils:70]                                                         Returning alpha_min = 5.4144e-4
[INFO (2) utils:27]                                                     * Leaving quadmin
[TRACE(2) nocedal:303]                                                  Trying bisection
[TRACE(2) nocedal:311]                                                  New value of a_j = 4.3712e-2
[INFO (2) common:56]                                                    * Entering eval
[INFO (2) augmented_lagrangian:475]                                         * Entering eval
[TRACE(2) augmented_lagrangian:190]                                             Evaluated inequality constraint value: 0.0000e0
[INFO (2) augmented_lagrangian:475]                                         * Leaving eval
[INFO (2) common:56]                                                    * Leaving eval
[INFO (2) utils:263]                                                    * Entering satisfies_armijo
[TRACE(2) utils:273]                                                        armijo: left = 2.0565e4 right = 6.1174e3
[TRACE(2) utils:274]                                                        Satisfies Armijo false
[INFO (2) utils:263]                                                    * Leaving satisfies_armijo
[TRACE(2) nocedal:322]                                                  Failed armijo condition with true true
[DEBUG(2) nocedal:256]                                                  ...............zoom iter = 2
[TRACE(2) nocedal:257]                                                  cchk = 1.7485e-2  qchk = 8.7423e-3
[TRACE(2) nocedal:272]                                                  dalpha = 4.3712e-2 a_lo = 0.0000e0 a_hi = 4.3712e-2
[TRACE(2) nocedal:281]                                                  trying cubic interpolation
[INFO (2) utils:150]                                                    * Entering cubicmin3
[TRACE(2) utils:162]                                                        Enterin with a = 0.0000e0, b = 4.3712e-2, c = 8.7423e-2
[TRACE(2) utils:163]                                                        phi_a = 6.1174e3, phi_b = 2.0565e4, phi_c = 6.5943e4
[TRACE(2) utils:169]                                                        db = 4.3712e-2, dc = 8.7423e-2, denom = -6.3832e-7
[ERROR(2) utils:204]                                                        Returning alpha_min = 5.6517e-4
[INFO (2) utils:150]                                                    * Leaving cubicmin3
[TRACE(2) nocedal:294]                                                  trying quadratic interpolation
[INFO (2) utils:27]                                                     * Entering quadmin
[TRACE(2) utils:37]                                                         Entering with phi_a = 6.1174e3, phi_b = 2.0565e4, dphi_a = -8.5828e3, b = 4.3712e-2
[TRACE(2) utils:44]                                                         db = 4.3712e-2
[TRACE(2) utils:57]                                                         beta = 7.7579e6
[ERROR(2) utils:70]                                                         Returning alpha_min = 5.5317e-4
[INFO (2) utils:27]                                                     * Leaving quadmin
[TRACE(2) nocedal:303]                                                  Trying bisection
[TRACE(2) nocedal:311]                                                  New value of a_j = 2.1856e-2
[INFO (2) common:56]                                                    * Entering eval
[INFO (2) augmented_lagrangian:475]                                         * Entering eval
[TRACE(2) augmented_lagrangian:190]                                             Evaluated inequality constraint value: 1.7556e0
[INFO (2) augmented_lagrangian:475]                                         * Leaving eval
[INFO (2) common:56]                                                    * Leaving eval
[INFO (2) utils:263]                                                    * Entering satisfies_armijo
[TRACE(2) utils:273]                                                        armijo: left = 9.8049e3 right = 6.1174e3
[TRACE(2) utils:274]                                                        Satisfies Armijo false
[INFO (2) utils:263]                                                    * Leaving satisfies_armijo
[TRACE(2) nocedal:322]                                                  Failed armijo condition with true true
[DEBUG(2) nocedal:256]                                                  ...............zoom iter = 3
[TRACE(2) nocedal:257]                                                  cchk = 8.7423e-3  qchk = 4.3712e-3
[TRACE(2) nocedal:272]                                                  dalpha = 2.1856e-2 a_lo = 0.0000e0 a_hi = 2.1856e-2
[TRACE(2) nocedal:281]                                                  trying cubic interpolation
[INFO (2) utils:150]                                                    * Entering cubicmin3
[TRACE(2) utils:162]                                                        Enterin with a = 0.0000e0, b = 2.1856e-2, c = 4.3712e-2
[TRACE(2) utils:163]                                                        phi_a = 6.1174e3, phi_b = 9.8049e3, phi_c = 2.0565e4
[TRACE(2) utils:169]                                                        db = 2.1856e-2, dc = 4.3712e-2, denom = -1.9948e-8
[ERROR(2) utils:204]                                                        Returning alpha_min = 5.0759e-4
[INFO (2) utils:150]                                                    * Leaving cubicmin3
[TRACE(2) nocedal:294]                                                  trying quadratic interpolation
[INFO (2) utils:27]                                                     * Entering quadmin
[TRACE(2) utils:37]                                                         Entering with phi_a = 6.1174e3, phi_b = 9.8049e3, dphi_a = -8.5828e3, b = 2.1856e-2
[TRACE(2) utils:44]                                                         db = 2.1856e-2
[TRACE(2) utils:57]                                                         beta = 8.1123e6
[ERROR(2) utils:70]                                                         Returning alpha_min = 5.2900e-4
[INFO (2) utils:27]                                                     * Leaving quadmin
[TRACE(2) nocedal:303]                                                  Trying bisection
[TRACE(2) nocedal:311]                                                  New value of a_j = 1.0928e-2
[INFO (2) common:56]                                                    * Entering eval
[INFO (2) augmented_lagrangian:475]                                         * Entering eval
[TRACE(2) augmented_lagrangian:190]                                             Evaluated inequality constraint value: 5.7422e2
[INFO (2) augmented_lagrangian:475]                                         * Leaving eval
[INFO (2) common:56]                                                    * Leaving eval
[INFO (2) utils:263]                                                    * Entering satisfies_armijo
[TRACE(2) utils:273]                                                        armijo: left = 6.9563e3 right = 6.1174e3
[TRACE(2) utils:274]                                                        Satisfies Armijo false
[INFO (2) utils:263]                                                    * Leaving satisfies_armijo
[TRACE(2) nocedal:322]                                                  Failed armijo condition with true true
[DEBUG(2) nocedal:256]                                                  ...............zoom iter = 4
[TRACE(2) nocedal:257]                                                  cchk = 4.3712e-3  qchk = 2.1856e-3
[TRACE(2) nocedal:272]                                                  dalpha = 1.0928e-2 a_lo = 0.0000e0 a_hi = 1.0928e-2
[TRACE(2) nocedal:281]                                                  trying cubic interpolation
[INFO (2) utils:150]                                                    * Entering cubicmin3
[TRACE(2) utils:162]                                                        Enterin with a = 0.0000e0, b = 1.0928e-2, c = 2.1856e-2
[TRACE(2) utils:163]                                                        phi_a = 6.1174e3, phi_b = 6.9563e3, phi_c = 9.8049e3
[TRACE(2) utils:169]                                                        db = 1.0928e-2, dc = 2.1856e-2, denom = -6.2336e-10
[ERROR(2) utils:204]                                                        Returning alpha_min = 5.6974e-4
[INFO (2) utils:150]                                                    * Leaving cubicmin3
[TRACE(2) nocedal:294]                                                  trying quadratic interpolation
[INFO (2) utils:27]                                                     * Entering quadmin
[TRACE(2) utils:37]                                                         Entering with phi_a = 6.1174e3, phi_b = 6.9563e3, dphi_a = -8.5828e3, b = 1.0928e-2
[TRACE(2) utils:44]                                                         db = 1.0928e-2
[TRACE(2) utils:57]                                                         beta = 7.8105e6
[ERROR(2) utils:70]                                                         Returning alpha_min = 5.4944e-4
[INFO (2) utils:27]                                                     * Leaving quadmin
[TRACE(2) nocedal:303]                                                  Trying bisection
[TRACE(2) nocedal:311]                                                  New value of a_j = 5.4639e-3
[INFO (2) common:56]                                                    * Entering eval
[INFO (2) augmented_lagrangian:475]                                         * Entering eval
[TRACE(2) augmented_lagrangian:190]                                             Evaluated inequality constraint value: 1.2448e3
[INFO (2) augmented_lagrangian:475]                                         * Leaving eval
[INFO (2) common:56]                                                    * Leaving eval
[INFO (2) utils:263]                                                    * Entering satisfies_armijo
[TRACE(2) utils:273]                                                        armijo: left = 6.2994e3 right = 6.1174e3
[TRACE(2) utils:274]                                                        Satisfies Armijo false
[INFO (2) utils:263]                                                    * Leaving satisfies_armijo
[TRACE(2) nocedal:322]                                                  Failed armijo condition with true true
[DEBUG(2) nocedal:256]                                                  ...............zoom iter = 5
[TRACE(2) nocedal:257]                                                  cchk = 2.1856e-3  qchk = 1.0928e-3
[TRACE(2) nocedal:272]                                                  dalpha = 5.4639e-3 a_lo = 0.0000e0 a_hi = 5.4639e-3
[TRACE(2) nocedal:281]                                                  trying cubic interpolation
[INFO (2) utils:150]                                                    * Entering cubicmin3
[TRACE(2) utils:162]                                                        Enterin with a = 0.0000e0, b = 5.4639e-3, c = 1.0928e-2
[TRACE(2) utils:163]                                                        phi_a = 6.1174e3, phi_b = 6.2994e3, phi_c = 6.9563e3
[TRACE(2) utils:169]                                                        db = 5.4639e-3, dc = 1.0928e-2, denom = -1.9480e-11
[ERROR(2) utils:204]                                                        Returning alpha_min = 5.6882e-4
[INFO (2) utils:150]                                                    * Leaving cubicmin3
[TRACE(2) nocedal:294]                                                  trying quadratic interpolation
[INFO (2) utils:27]                                                     * Entering quadmin
[TRACE(2) utils:37]                                                         Entering with phi_a = 6.1174e3, phi_b = 6.2994e3, dphi_a = -8.5828e3, b = 5.4639e-3
[TRACE(2) utils:44]                                                         db = 5.4639e-3
[TRACE(2) utils:57]                                                         beta = 7.6662e6
[ERROR(2) utils:70]                                                         Returning alpha_min = 5.5979e-4
[INFO (2) utils:27]                                                     * Leaving quadmin
[TRACE(2) nocedal:311]                                                  New value of a_j = 5.5979e-4
[INFO (2) common:56]                                                    * Entering eval
[INFO (2) augmented_lagrangian:475]                                         * Entering eval
[TRACE(2) augmented_lagrangian:190]                                             Evaluated inequality constraint value: 2.0649e3
[INFO (2) augmented_lagrangian:475]                                         * Leaving eval
[INFO (2) common:56]                                                    * Leaving eval
[INFO (2) utils:263]                                                    * Entering satisfies_armijo
[TRACE(2) utils:273]                                                        armijo: left = 6.1150e3 right = 6.1174e3
[TRACE(2) utils:274]                                                        Satisfies Armijo true
[INFO (2) utils:263]                                                    * Leaving satisfies_armijo
[TRACE(2) nocedal:332]                                                  Passed armijo condition
[INFO (2) common:66]                                                    * Entering diff
[INFO (2) augmented_lagrangian:499]                                         * Entering grad
[TRACE(2) augmented_lagrangian:211]                                             Evaluated inequality constraint gradient norm: 2.0322e3
[INFO (2) augmented_lagrangian:499]                                         * Leaving grad
[INFO (2) common:66]                                                    * Leaving diff
[TRACE(2) nocedal:338]                                                  Passed curvature condition
[ERROR(2) nocedal:339]                                                  Returning a_j = 5.5979e-4 phi_aj = 6.1150e3 dphi_aj = -1.3292e2
[INFO (2) nocedal:225]                                              * Leaving zoom
[ERROR(2) nocedal:132]                                              Leaving with 5.5979e-4 6.1150e3 -1.3292e2
[INFO (2) nocedal:51]                                           * Leaving search
[INFO (2) augmented_lagrangian:499]                             * Entering grad
[TRACE(2) augmented_lagrangian:211]                                 Evaluated inequality constraint gradient norm: 2.0322e3
[INFO (2) augmented_lagrangian:499]                             * Leaving grad
[INFO (2) mod:49]                                           * Leaving search
[INFO (2) conjugate_gradient:87]                            * Entering update_direction
[TRACE(2) conjugate_gradient:99]                                norm_grad_fk1 = 9.2644e1 norm_grad_fk = 1.4347e0
[DEBUG(2) conjugate_gradient:123]                               Applying polak-ribiere update
[DEBUG(2) conjugate_gradient:134]                               beta = 0.0000e0
[INFO (2) conjugate_gradient:87]                            * Leaving update_direction
[INFO (2) conjugate_gradient:139]                           * Entering is_converged
[INFO (2) conjugate_gradient:139]                           * Leaving is_converged
[INFO (2) conjugate_gradient:220]                           =============================================
[INFO (2) conjugate_gradient:221]                           Converging with reason Rtol
[INFO (2) conjugate_gradient:222]                           Convergence measures:
[INFO (2) conjugate_gradient:224]                           ||∇f(k)|| / ||∇f(0)|| = 3.2032e-4
[INFO (2) conjugate_gradient:225]                           ||∇f(k)|| = 1.4347e0
[INFO (2) conjugate_gradient:226]                           =============================================
[INFO (2) conjugate_gradient:179]                       * Leaving minimize
[INFO (2) augmented_lagrangian:674]                     * Entering update_penalties_shifts
[INFO (2) augmented_lagrangian:294]                         * Entering compute_max_constraint_violation
[TRACE(2) augmented_lagrangian:313]                             Computing inequality constraint value
[TRACE(2) augmented_lagrangian:314]                             values: DMatrix { data: [2.0225174020090364], nrows: 1, ncols: 1 }
[TRACE(2) augmented_lagrangian:315]                             shifts: DMatrix { data: [0.009672582038703451], nrows: 1, ncols: 1 }
[INFO (2) augmented_lagrangian:294]                         * Leaving compute_max_constraint_violation
[TRACE(2) augmented_lagrangian:687]                         constraint_violation_max = 4.9765e0
[TRACE(2) augmented_lagrangian:688]                         max_violation_k = 2.0225e0
[INFO (2) augmented_lagrangian:330]                         * Entering update_unimproved_constraint_violation_indices
[TRACE(2) augmented_lagrangian:358]                             Updating set of unimproved inequality constraints
[TRACE(2) augmented_lagrangian:371]                             New set of unimproved inequality constraints [0] 
[INFO (2) augmented_lagrangian:330]                         * Leaving update_unimproved_constraint_violation_indices
[TRACE(2) augmented_lagrangian:696]                         Constraint did not improve, increasing penalties
[INFO (2) augmented_lagrangian:378]                         * Entering increase_penalties
[TRACE(2) augmented_lagrangian:404]                             Increasing equality penalties
[TRACE(2) augmented_lagrangian:412]                             Constraint index 0, new penalty 1.0000e4 new_shift 9.6726e-4
[INFO (2) augmented_lagrangian:378]                         * Leaving increase_penalties
[INFO (2) augmented_lagrangian:674]                     * Leaving update_penalties_shifts
[INFO (2) augmented_lagrangian:499]                     * Entering grad
[TRACE(2) augmented_lagrangian:211]                         Evaluated inequality constraint gradient norm: 2.0235e4
[INFO (2) augmented_lagrangian:499]                     * Leaving grad
[INFO (2) augmented_lagrangian:616]                     * Entering is_converged
[TRACE(2) augmented_lagrangian:624]                         grad_norm = 1.8204e4 max_constraint_violation = 2.0225e0
[TRACE(2) augmented_lagrangian:636]                         rtol_converged = false
[TRACE(2) augmented_lagrangian:637]                         atol_converged = false
[TRACE(2) augmented_lagrangian:638]                         ctol_converged = false
[INFO (2) augmented_lagrangian:616]                     * Leaving is_converged
[INFO (2) augmented_lagrangian:663]                     ******************************************************************************************** i = 6
[TRACE(2) augmented_lagrangian:664]                     Current solution: | 17.977482597990964 10.082245254569822  9.884089038139006  9.925499701121495  9.925499749114357 |

[INFO (2) augmented_lagrangian:665]                     Current values: fx=6.1150e3, norm_grad_fx=1.8204e4
[INFO (2) augmented_lagrangian:666]                     Convergence measures:
[INFO (2) augmented_lagrangian:668]                     ||∇f(k)|| / ||∇f(0)|| = 2.9989e-3
[INFO (2) augmented_lagrangian:669]                     Kmax = 2.0225e0
[INFO (2) augmented_lagrangian:569]                     * Entering set_uncon_options
[INFO (2) augmented_lagrangian:275]                         * Entering compute_max_penalty
[INFO (2) augmented_lagrangian:275]                         * Leaving compute_max_penalty
[TRACE(2) augmented_lagrangian:597]                         max_penalty = 1.0000e4 max_violation = 2.0225e0 raw rtol = 4.0906e-1
[TRACE(2) augmented_lagrangian:604]                         Setting Unconstrained options rtol = 1.0000e-3  max_iter 50
[INFO (2) augmented_lagrangian:569]                     * Leaving set_uncon_options
[INFO (2) factory:53]                                   * Entering create
[INFO (2) conjugate_gradient:50]                            * Entering new
[INFO (2) augmented_lagrangian:499]                             * Entering grad
[TRACE(2) augmented_lagrangian:211]                                 Evaluated inequality constraint gradient norm: 2.0235e4
[INFO (2) augmented_lagrangian:499]                             * Leaving grad
[INFO (2) conjugate_gradient:50]                            * Leaving new
[INFO (2) factory:53]                                   * Leaving create
[INFO (2) conjugate_gradient:179]                       * Entering minimize
[INFO (2) augmented_lagrangian:475]                         * Entering eval
[TRACE(2) augmented_lagrangian:190]                             Evaluated inequality constraint value: 2.0472e4
[INFO (2) augmented_lagrangian:475]                         * Leaving eval
[INFO (2) augmented_lagrangian:499]                         * Entering grad
[TRACE(2) augmented_lagrangian:211]                             Evaluated inequality constraint gradient norm: 2.0235e4
[INFO (2) augmented_lagrangian:499]                         * Leaving grad
[INFO (2) conjugate_gradient:166]                           ======================================================================== i = 1
[TRACE(2) conjugate_gradient:167]                           Current solution: | 17.977482597990964 10.082245254569822  9.884089038139006  9.925499701121495  9.925499749114357 |

[INFO (2) conjugate_gradient:168]                           Current values: fx=2.4523e4, norm_grad_fx=1.8204e4
[INFO (2) conjugate_gradient:169]                           Convergence measures:
[INFO (2) conjugate_gradient:171]                           ||∇f(k)|| / ||∇f(0)|| = 1.0000e0
[INFO (2) conjugate_gradient:67]                            * Entering apply_restart
[INFO (2) conjugate_gradient:67]                            * Leaving apply_restart
[INFO (2) utils:321]                                        * Entering initial_step
[TRACE(2) utils:329]                                            phi1 = 2.4523e4, phi0 = 3.3625e4 dphi1 = -3.3139e8
[TRACE(2) utils:334]                                            stp1 = 1.0000e0 stp2 = 5.5482e-5
[TRACE(2) utils:335]                                            returning 5.5482e-5
[INFO (2) utils:321]                                        * Leaving initial_step
[INFO (2) mod:49]                                           * Entering search
[TRACE(2) mod:59]                                               Running with parameters:
[TRACE(2) mod:60]                                               iter_data: fx=2.4523e4, norm_grad_fx=1.8204e4
[TRACE(2) mod:61]                                               alpha_init: 0.00005548203320253223
[INFO (2) common:30]                                            * Entering new
[INFO (2) common:30]                                            * Leaving new
[INFO (2) factory:30]                                           * Entering create
[INFO (2) nocedal:37]                                               * Entering new
[INFO (2) nocedal:37]                                               * Leaving new
[INFO (2) factory:30]                                           * Leaving create
[INFO (2) nocedal:51]                                           * Entering search
[TRACE(2) nocedal:60]                                               Entering with phi0 = 2.4523e4 dphi0 = -3.3139e8
[INFO (2) common:56]                                                * Entering eval
[INFO (2) augmented_lagrangian:475]                                     * Entering eval
[TRACE(2) augmented_lagrangian:190]                                         Evaluated inequality constraint value: 5.1358e3
[INFO (2) augmented_lagrangian:475]                                     * Leaving eval
[INFO (2) common:56]                                                * Leaving eval
[TRACE(2) nocedal:80]                                               --------------------------------------- nocedal it = 0
[TRACE(2) nocedal:81]                                               alpha0 = 0.0000e0 alpha1 = 5.5482e-5
[TRACE(2) nocedal:82]                                               phi_a0 = 2.4523e4 phi1 1.1660e4
[TRACE(2) nocedal:83]                                               dphi_aa0 = -3.3139e8 dphi1 0.0000e0
[INFO (2) utils:263]                                                * Entering satisfies_armijo
[TRACE(2) utils:273]                                                    armijo: left = 1.1660e4 right = 2.4521e4
[TRACE(2) utils:274]                                                    Satisfies Armijo true
[INFO (2) utils:263]                                                * Leaving satisfies_armijo
[INFO (2) common:66]                                                * Entering diff
[INFO (2) augmented_lagrangian:499]                                     * Entering grad
[TRACE(2) augmented_lagrangian:211]                                         Evaluated inequality constraint gradient norm: 1.0135e4
[INFO (2) augmented_lagrangian:499]                                     * Leaving grad
[INFO (2) common:66]                                                * Leaving diff
[TRACE(2) nocedal:143]                                              dphi_a1 = -1.3163e8
[TRACE(2) nocedal:148]                                              Satisfies curvature
[TRACE(2) nocedal:149]                                              Returning alpha = 5.5482e-5 falpha = 1.1660e4
[INFO (2) nocedal:51]                                           * Leaving search
[INFO (2) augmented_lagrangian:499]                             * Entering grad
[TRACE(2) augmented_lagrangian:211]                                 Evaluated inequality constraint gradient norm: 1.0135e4
[INFO (2) augmented_lagrangian:499]                             * Leaving grad
[INFO (2) mod:49]                                           * Leaving search
[INFO (2) conjugate_gradient:87]                            * Entering update_direction
[TRACE(2) conjugate_gradient:99]                                norm_grad_fk1 = 1.8204e4 norm_grad_fk = 7.2310e3
[DEBUG(2) conjugate_gradient:123]                               Applying polak-ribiere update
[DEBUG(2) conjugate_gradient:134]                               beta = 0.0000e0
[INFO (2) conjugate_gradient:87]                            * Leaving update_direction
[INFO (2) conjugate_gradient:139]                           * Entering is_converged
[INFO (2) conjugate_gradient:139]                           * Leaving is_converged
[INFO (2) conjugate_gradient:166]                           ======================================================================== i = 2
[TRACE(2) conjugate_gradient:167]                           Current solution: |  18.98748259799089 10.082245131104525  9.884089383748679  9.925499792888468  9.925499840881152 |

[INFO (2) conjugate_gradient:168]                           Current values: fx=1.1660e4, norm_grad_fx=7.2310e3
[INFO (2) conjugate_gradient:169]                           Convergence measures:
[INFO (2) conjugate_gradient:171]                           ||∇f(k)|| / ||∇f(0)|| = 3.9722e-1
[INFO (2) conjugate_gradient:67]                            * Entering apply_restart
[INFO (2) conjugate_gradient:67]                            * Leaving apply_restart
[INFO (2) utils:321]                                        * Entering initial_step
[TRACE(2) utils:329]                                            phi1 = 1.1660e4, phi0 = 2.4523e4 dphi1 = -5.2287e7
[TRACE(2) utils:334]                                            stp1 = 1.0000e0 stp2 = 4.9690e-4
[TRACE(2) utils:335]                                            returning 4.9690e-4
[INFO (2) utils:321]                                        * Leaving initial_step
[INFO (2) mod:49]                                           * Entering search
[TRACE(2) mod:59]                                               Running with parameters:
[TRACE(2) mod:60]                                               iter_data: fx=1.1660e4, norm_grad_fx=7.2310e3
[TRACE(2) mod:61]                                               alpha_init: 0.0004969014451275646
[INFO (2) common:30]                                            * Entering new
[INFO (2) common:30]                                            * Leaving new
[INFO (2) factory:30]                                           * Entering create
[INFO (2) nocedal:37]                                               * Entering new
[INFO (2) nocedal:37]                                               * Leaving new
[INFO (2) factory:30]                                           * Leaving create
[INFO (2) nocedal:51]                                           * Entering search
[TRACE(2) nocedal:60]                                               Entering with phi0 = 1.1660e4 dphi0 = -5.2287e7
[INFO (2) common:56]                                                * Entering eval
[INFO (2) augmented_lagrangian:475]                                     * Entering eval
[TRACE(2) augmented_lagrangian:190]                                         Evaluated inequality constraint value: 0.0000e0
[INFO (2) augmented_lagrangian:475]                                     * Leaving eval
[INFO (2) common:56]                                                * Leaving eval
[TRACE(2) nocedal:80]                                               --------------------------------------- nocedal it = 0
[TRACE(2) nocedal:81]                                               alpha0 = 0.0000e0 alpha1 = 4.9690e-4
[TRACE(2) nocedal:82]                                               phi_a0 = 1.1660e4 phi1 2.5050e4
[TRACE(2) nocedal:83]                                               dphi_aa0 = -5.2287e7 dphi1 0.0000e0
[INFO (2) utils:263]                                                * Entering satisfies_armijo
[TRACE(2) utils:273]                                                    armijo: left = 2.5050e4 right = 1.1658e4
[TRACE(2) utils:274]                                                    Satisfies Armijo false
[INFO (2) utils:263]                                                * Leaving satisfies_armijo
[TRACE(2) nocedal:103]                                              Does not satisfy armijo
[INFO (2) nocedal:225]                                              * Entering zoom
[TRACE(2) nocedal:242]                                                  Entering with a_lo = 0.0000e0 a_hi = 4.9690e-4 phi_lo = 1.1660e4 phi_hi = 2.5050e4
[TRACE(2) nocedal:243]                                                  phi0 = 1.1660e4 dphi0 = -5.2287e7 c1 = 1.0000e-4 c2 = 4.0000e-1
[DEBUG(2) nocedal:256]                                                  ...............zoom iter = 0
[TRACE(2) nocedal:257]                                                  cchk = 0.0000e0  qchk = 0.0000e0
[TRACE(2) nocedal:272]                                                  dalpha = 4.9690e-4 a_lo = 0.0000e0 a_hi = 4.9690e-4
[TRACE(2) nocedal:294]                                                  trying quadratic interpolation
[INFO (2) utils:27]                                                     * Entering quadmin
[TRACE(2) utils:37]                                                         Entering with phi_a = 1.1660e4, phi_b = 2.5050e4, dphi_a = -5.2287e7, b = 4.9690e-4
[TRACE(2) utils:44]                                                         db = 4.9690e-4
[TRACE(2) utils:57]                                                         beta = 1.5945e11
[ERROR(2) utils:70]                                                         Returning alpha_min = 1.6396e-4
[INFO (2) utils:27]                                                     * Leaving quadmin
[TRACE(2) nocedal:311]                                                  New value of a_j = 1.6396e-4
[INFO (2) common:56]                                                    * Entering eval
[INFO (2) augmented_lagrangian:475]                                         * Entering eval
[TRACE(2) augmented_lagrangian:190]                                             Evaluated inequality constraint value: 0.0000e0
[INFO (2) augmented_lagrangian:475]                                         * Leaving eval
[INFO (2) common:56]                                                    * Leaving eval
[INFO (2) utils:263]                                                    * Entering satisfies_armijo
[TRACE(2) utils:273]                                                        armijo: left = 1.0710e4 right = 1.1659e4
[TRACE(2) utils:274]                                                        Satisfies Armijo true
[INFO (2) utils:263]                                                    * Leaving satisfies_armijo
[TRACE(2) nocedal:332]                                                  Passed armijo condition
[INFO (2) common:66]                                                    * Entering diff
[INFO (2) augmented_lagrangian:499]                                         * Entering grad
[TRACE(2) augmented_lagrangian:211]                                             Evaluated inequality constraint gradient norm: 0.0000e0
[INFO (2) augmented_lagrangian:499]                                         * Leaving grad
[INFO (2) common:66]                                                    * Leaving diff
[DEBUG(2) nocedal:256]                                                  ...............zoom iter = 1
[TRACE(2) nocedal:257]                                                  cchk = 0.0000e0  qchk = 4.9690e-5
[TRACE(2) nocedal:272]                                                  dalpha = -1.6396e-4 a_lo = 1.6396e-4 a_hi = 0.0000e0
[TRACE(2) nocedal:281]                                                  trying cubic interpolation
[INFO (2) utils:150]                                                    * Entering cubicmin3
[TRACE(2) utils:162]                                                        Enterin with a = 1.6396e-4, b = 0.0000e0, c = 4.9690e-4
[TRACE(2) utils:163]                                                        phi_a = 1.0710e4, phi_b = 1.1660e4, phi_c = 2.5050e4
[TRACE(2) utils:169]                                                        db = -1.6396e-4, dc = 3.3294e-4, denom = -1.4807e-18
[ERROR(2) utils:204]                                                        Returning alpha_min = 8.8676e-5
[INFO (2) utils:150]                                                    * Leaving cubicmin3
[TRACE(2) nocedal:311]                                                  New value of a_j = 8.8676e-5
[INFO (2) common:56]                                                    * Entering eval
[INFO (2) augmented_lagrangian:475]                                         * Entering eval
[TRACE(2) augmented_lagrangian:190]                                             Evaluated inequality constraint value: 6.9292e2
[INFO (2) augmented_lagrangian:475]                                         * Leaving eval
[INFO (2) common:56]                                                    * Leaving eval
[INFO (2) utils:263]                                                    * Entering satisfies_armijo
[TRACE(2) utils:273]                                                        armijo: left = 9.2884e3 right = 1.1660e4
[TRACE(2) utils:274]                                                        Satisfies Armijo true
[INFO (2) utils:263]                                                    * Leaving satisfies_armijo
[TRACE(2) nocedal:332]                                                  Passed armijo condition
[INFO (2) common:66]                                                    * Entering diff
[INFO (2) augmented_lagrangian:499]                                         * Entering grad
[TRACE(2) augmented_lagrangian:211]                                             Evaluated inequality constraint gradient norm: 3.7227e3
[INFO (2) augmented_lagrangian:499]                                         * Leaving grad
[INFO (2) common:66]                                                    * Leaving diff
[TRACE(2) nocedal:338]                                                  Passed curvature condition
[ERROR(2) nocedal:339]                                                  Returning a_j = 8.8676e-5 phi_aj = 9.2884e3 dphi_aj = -1.0984e6
[INFO (2) nocedal:225]                                              * Leaving zoom
[ERROR(2) nocedal:132]                                              Leaving with 8.8676e-5 9.2884e3 -1.0984e6
[INFO (2) nocedal:51]                                           * Leaving search
[INFO (2) augmented_lagrangian:499]                             * Entering grad
[TRACE(2) augmented_lagrangian:211]                                 Evaluated inequality constraint gradient norm: 3.7227e3
[INFO (2) augmented_lagrangian:499]                             * Leaving grad
[INFO (2) mod:49]                                           * Leaving search
[INFO (2) conjugate_gradient:87]                            * Entering update_direction
[TRACE(2) conjugate_gradient:99]                                norm_grad_fk1 = 7.2310e3 norm_grad_fk = 1.5191e2
[DEBUG(2) conjugate_gradient:123]                               Applying polak-ribiere update
[DEBUG(2) conjugate_gradient:134]                               beta = 0.0000e0
[INFO (2) conjugate_gradient:87]                            * Leaving update_direction
[INFO (2) conjugate_gradient:139]                           * Entering is_converged
[INFO (2) conjugate_gradient:139]                           * Leaving is_converged
[INFO (2) conjugate_gradient:166]                           ======================================================================== i = 3
[TRACE(2) conjugate_gradient:167]                           Current solution: | 19.628698959697168  10.08224493377275  9.884089936126298   9.92549993955765  9.925499987550051 |

[INFO (2) conjugate_gradient:168]                           Current values: fx=9.2884e3, norm_grad_fx=1.5191e2
[INFO (2) conjugate_gradient:169]                           Convergence measures:
[INFO (2) conjugate_gradient:171]                           ||∇f(k)|| / ||∇f(0)|| = 8.3446e-3
[INFO (2) conjugate_gradient:67]                            * Entering apply_restart
[INFO (2) conjugate_gradient:67]                            * Leaving apply_restart
[INFO (2) utils:321]                                        * Entering initial_step
[TRACE(2) utils:329]                                            phi1 = 9.2884e3, phi0 = 1.1660e4 dphi1 = -2.3075e4
[TRACE(2) utils:334]                                            stp1 = 1.0000e0 stp2 = 2.0764e-1
[TRACE(2) utils:335]                                            returning 2.0764e-1
[INFO (2) utils:321]                                        * Leaving initial_step
[INFO (2) mod:49]                                           * Entering search
[TRACE(2) mod:59]                                               Running with parameters:
[TRACE(2) mod:60]                                               iter_data: fx=9.2884e3, norm_grad_fx=1.5191e2
[TRACE(2) mod:61]                                               alpha_init: 0.20763809857954
[INFO (2) common:30]                                            * Entering new
[INFO (2) common:30]                                            * Leaving new
[INFO (2) factory:30]                                           * Entering create
[INFO (2) nocedal:37]                                               * Entering new
[INFO (2) nocedal:37]                                               * Leaving new
[INFO (2) factory:30]                                           * Leaving create
[INFO (2) nocedal:51]                                           * Entering search
[TRACE(2) nocedal:60]                                               Entering with phi0 = 9.2884e3 dphi0 = -2.3075e4
[INFO (2) common:56]                                                * Entering eval
[INFO (2) augmented_lagrangian:475]                                     * Entering eval
[TRACE(2) augmented_lagrangian:190]                                         Evaluated inequality constraint value: 0.0000e0
[INFO (2) augmented_lagrangian:475]                                     * Leaving eval
[INFO (2) common:56]                                                * Leaving eval
[TRACE(2) nocedal:80]                                               --------------------------------------- nocedal it = 0
[TRACE(2) nocedal:81]                                               alpha0 = 0.0000e0 alpha1 = 2.0764e-1
[TRACE(2) nocedal:82]                                               phi_a0 = 9.2884e3 phi1 2.8729e6
[TRACE(2) nocedal:83]                                               dphi_aa0 = -2.3075e4 dphi1 0.0000e0
[INFO (2) utils:263]                                                * Entering satisfies_armijo
[TRACE(2) utils:273]                                                    armijo: left = 2.8729e6 right = 9.2879e3
[TRACE(2) utils:274]                                                    Satisfies Armijo false
[INFO (2) utils:263]                                                * Leaving satisfies_armijo
[TRACE(2) nocedal:103]                                              Does not satisfy armijo
[INFO (2) nocedal:225]                                              * Entering zoom
[TRACE(2) nocedal:242]                                                  Entering with a_lo = 0.0000e0 a_hi = 2.0764e-1 phi_lo = 9.2884e3 phi_hi = 2.8729e6
[TRACE(2) nocedal:243]                                                  phi0 = 9.2884e3 dphi0 = -2.3075e4 c1 = 1.0000e-4 c2 = 4.0000e-1
[DEBUG(2) nocedal:256]                                                  ...............zoom iter = 0
[TRACE(2) nocedal:257]                                                  cchk = 0.0000e0  qchk = 0.0000e0
[TRACE(2) nocedal:272]                                                  dalpha = 2.0764e-1 a_lo = 0.0000e0 a_hi = 2.0764e-1
[TRACE(2) nocedal:294]                                                  trying quadratic interpolation
[INFO (2) utils:27]                                                     * Entering quadmin
[TRACE(2) utils:37]                                                         Entering with phi_a = 9.2884e3, phi_b = 2.8729e6, dphi_a = -2.3075e4, b = 2.0764e-1
[TRACE(2) utils:44]                                                         db = 2.0764e-1
[TRACE(2) utils:57]                                                         beta = 6.6532e7
[ERROR(2) utils:70]                                                         Returning alpha_min = 1.7341e-4
[INFO (2) utils:27]                                                     * Leaving quadmin
[TRACE(2) nocedal:303]                                                  Trying bisection
[TRACE(2) nocedal:311]                                                  New value of a_j = 1.0382e-1
[INFO (2) common:56]                                                    * Entering eval
[INFO (2) augmented_lagrangian:475]                                         * Entering eval
[TRACE(2) augmented_lagrangian:190]                                             Evaluated inequality constraint value: 0.0000e0
[INFO (2) augmented_lagrangian:475]                                         * Leaving eval
[INFO (2) common:56]                                                    * Leaving eval
[INFO (2) utils:263]                                                    * Entering satisfies_armijo
[TRACE(2) utils:273]                                                        armijo: left = 4.1619e5 right = 9.2882e3
[TRACE(2) utils:274]                                                        Satisfies Armijo false
[INFO (2) utils:263]                                                    * Leaving satisfies_armijo
[TRACE(2) nocedal:322]                                                  Failed armijo condition with true true
[DEBUG(2) nocedal:256]                                                  ...............zoom iter = 1
[TRACE(2) nocedal:257]                                                  cchk = 0.0000e0  qchk = 2.0764e-2
[TRACE(2) nocedal:272]                                                  dalpha = 1.0382e-1 a_lo = 0.0000e0 a_hi = 1.0382e-1
[TRACE(2) nocedal:281]                                                  trying cubic interpolation
[INFO (2) utils:150]                                                    * Entering cubicmin3
[TRACE(2) utils:162]                                                        Enterin with a = 0.0000e0, b = 1.0382e-1, c = 2.0764e-1
[TRACE(2) utils:163]                                                        phi_a = 9.2884e3, phi_b = 4.1619e5, phi_c = 2.8729e6
[TRACE(2) utils:169]                                                        db = 1.0382e-1, dc = 2.0764e-1, denom = -4.8244e-5
[ERROR(2) utils:204]                                                        Returning alpha_min = 1.1658e-3
[INFO (2) utils:150]                                                    * Leaving cubicmin3
[TRACE(2) nocedal:294]                                                  trying quadratic interpolation
[INFO (2) utils:27]                                                     * Entering quadmin
[TRACE(2) utils:37]                                                         Entering with phi_a = 9.2884e3, phi_b = 4.1619e5, dphi_a = -2.3075e4, b = 1.0382e-1
[TRACE(2) utils:44]                                                         db = 1.0382e-1
[TRACE(2) utils:57]                                                         beta = 3.7974e7
[ERROR(2) utils:70]                                                         Returning alpha_min = 3.0383e-4
[INFO (2) utils:27]                                                     * Leaving quadmin
[TRACE(2) nocedal:303]                                                  Trying bisection
[TRACE(2) nocedal:311]                                                  New value of a_j = 5.1910e-2
[INFO (2) common:56]                                                    * Entering eval
[INFO (2) augmented_lagrangian:475]                                         * Entering eval
[TRACE(2) augmented_lagrangian:190]                                             Evaluated inequality constraint value: 0.0000e0
[INFO (2) augmented_lagrangian:475]                                         * Leaving eval
[INFO (2) common:56]                                                    * Leaving eval
[INFO (2) utils:263]                                                    * Entering satisfies_armijo
[TRACE(2) utils:273]                                                        armijo: left = 9.4090e4 right = 9.2883e3
[TRACE(2) utils:274]                                                        Satisfies Armijo false
[INFO (2) utils:263]                                                    * Leaving satisfies_armijo
[TRACE(2) nocedal:322]                                                  Failed armijo condition with true true
[DEBUG(2) nocedal:256]                                                  ...............zoom iter = 2
[TRACE(2) nocedal:257]                                                  cchk = 2.0764e-2  qchk = 1.0382e-2
[TRACE(2) nocedal:272]                                                  dalpha = 5.1910e-2 a_lo = 0.0000e0 a_hi = 5.1910e-2
[TRACE(2) nocedal:281]                                                  trying cubic interpolation
[INFO (2) utils:150]                                                    * Entering cubicmin3
[TRACE(2) utils:162]                                                        Enterin with a = 0.0000e0, b = 5.1910e-2, c = 1.0382e-1
[TRACE(2) utils:163]                                                        phi_a = 9.2884e3, phi_b = 9.4090e4, phi_c = 4.1619e5
[TRACE(2) utils:169]                                                        db = 5.1910e-2, dc = 1.0382e-1, denom = -1.5076e-6
[ERROR(2) utils:204]                                                        Returning alpha_min = 4.4486e-4
[INFO (2) utils:150]                                                    * Leaving cubicmin3
[TRACE(2) nocedal:294]                                                  trying quadratic interpolation
[INFO (2) utils:27]                                                     * Entering quadmin
[TRACE(2) utils:37]                                                         Entering with phi_a = 9.2884e3, phi_b = 9.4090e4, dphi_a = -2.3075e4, b = 5.1910e-2
[TRACE(2) utils:44]                                                         db = 5.1910e-2
[TRACE(2) utils:57]                                                         beta = 3.1916e7
[ERROR(2) utils:70]                                                         Returning alpha_min = 3.6150e-4
[INFO (2) utils:27]                                                     * Leaving quadmin
[TRACE(2) nocedal:303]                                                  Trying bisection
[TRACE(2) nocedal:311]                                                  New value of a_j = 2.5955e-2
[INFO (2) common:56]                                                    * Entering eval
[INFO (2) augmented_lagrangian:475]                                         * Entering eval
[TRACE(2) augmented_lagrangian:190]                                             Evaluated inequality constraint value: 0.0000e0
[INFO (2) augmented_lagrangian:475]                                         * Leaving eval
[INFO (2) common:56]                                                    * Leaving eval
[INFO (2) utils:263]                                                    * Entering satisfies_armijo
[TRACE(2) utils:273]                                                        armijo: left = 3.3923e4 right = 9.2883e3
[TRACE(2) utils:274]                                                        Satisfies Armijo false
[INFO (2) utils:263]                                                    * Leaving satisfies_armijo
[TRACE(2) nocedal:322]                                                  Failed armijo condition with true true
[DEBUG(2) nocedal:256]                                                  ...............zoom iter = 3
[TRACE(2) nocedal:257]                                                  cchk = 1.0382e-2  qchk = 5.1910e-3
[TRACE(2) nocedal:272]                                                  dalpha = 2.5955e-2 a_lo = 0.0000e0 a_hi = 2.5955e-2
[TRACE(2) nocedal:281]                                                  trying cubic interpolation
[INFO (2) utils:150]                                                    * Entering cubicmin3
[TRACE(2) utils:162]                                                        Enterin with a = 0.0000e0, b = 2.5955e-2, c = 5.1910e-2
[TRACE(2) utils:163]                                                        phi_a = 9.2884e3, phi_b = 3.3923e4, phi_c = 9.4090e4
[TRACE(2) utils:169]                                                        db = 2.5955e-2, dc = 5.1910e-2, denom = -4.7113e-8
[ERROR(2) utils:204]                                                        Returning alpha_min = 2.6885e-4
[INFO (2) utils:150]                                                    * Leaving cubicmin3
[TRACE(2) nocedal:294]                                                  trying quadratic interpolation
[INFO (2) utils:27]                                                     * Entering quadmin
[TRACE(2) utils:37]                                                         Entering with phi_a = 9.2884e3, phi_b = 3.3923e4, dphi_a = -2.3075e4, b = 2.5955e-2
[TRACE(2) utils:44]                                                         db = 2.5955e-2
[TRACE(2) utils:57]                                                         beta = 3.7458e7
[ERROR(2) utils:70]                                                         Returning alpha_min = 3.0802e-4
[INFO (2) utils:27]                                                     * Leaving quadmin
[TRACE(2) nocedal:303]                                                  Trying bisection
[TRACE(2) nocedal:311]                                                  New value of a_j = 1.2977e-2
[INFO (2) common:56]                                                    * Entering eval
[INFO (2) augmented_lagrangian:475]                                         * Entering eval
[TRACE(2) augmented_lagrangian:190]                                             Evaluated inequality constraint value: 0.0000e0
[INFO (2) augmented_lagrangian:475]                                         * Leaving eval
[INFO (2) common:56]                                                    * Leaving eval
[INFO (2) utils:263]                                                    * Entering satisfies_armijo
[TRACE(2) utils:273]                                                        armijo: left = 1.8107e4 right = 9.2884e3
[TRACE(2) utils:274]                                                        Satisfies Armijo false
[INFO (2) utils:263]                                                    * Leaving satisfies_armijo
[TRACE(2) nocedal:322]                                                  Failed armijo condition with true true
[DEBUG(2) nocedal:256]                                                  ...............zoom iter = 4
[TRACE(2) nocedal:257]                                                  cchk = 5.1910e-3  qchk = 2.5955e-3
[TRACE(2) nocedal:272]                                                  dalpha = 1.2977e-2 a_lo = 0.0000e0 a_hi = 1.2977e-2
[TRACE(2) nocedal:281]                                                  trying cubic interpolation
[INFO (2) utils:150]                                                    * Entering cubicmin3
[TRACE(2) utils:162]                                                        Enterin with a = 0.0000e0, b = 1.2977e-2, c = 2.5955e-2
[TRACE(2) utils:163]                                                        phi_a = 9.2884e3, phi_b = 1.8107e4, phi_c = 3.3923e4
[TRACE(2) utils:169]                                                        db = 1.2977e-2, dc = 2.5955e-2, denom = -1.4723e-9
[ERROR(2) utils:204]                                                        Returning alpha_min = 1.6364e-4
[INFO (2) utils:150]                                                    * Leaving cubicmin3
[TRACE(2) nocedal:294]                                                  trying quadratic interpolation
[INFO (2) utils:27]                                                     * Entering quadmin
[TRACE(2) utils:37]                                                         Entering with phi_a = 9.2884e3, phi_b = 1.8107e4, dphi_a = -2.3075e4, b = 1.2977e-2
[TRACE(2) utils:44]                                                         db = 1.2977e-2
[TRACE(2) utils:57]                                                         beta = 5.4139e7
[ERROR(2) utils:70]                                                         Returning alpha_min = 2.1311e-4
[INFO (2) utils:27]                                                     * Leaving quadmin
[TRACE(2) nocedal:303]                                                  Trying bisection
[TRACE(2) nocedal:311]                                                  New value of a_j = 6.4887e-3
[INFO (2) common:56]                                                    * Entering eval
[INFO (2) augmented_lagrangian:475]                                         * Entering eval
[TRACE(2) augmented_lagrangian:190]                                             Evaluated inequality constraint value: 0.0000e0
[INFO (2) augmented_lagrangian:475]                                         * Leaving eval
[INFO (2) common:56]                                                    * Leaving eval
[INFO (2) utils:263]                                                    * Entering satisfies_armijo
[TRACE(2) utils:273]                                                        armijo: left = 1.2693e4 right = 9.2884e3
[TRACE(2) utils:274]                                                        Satisfies Armijo false
[INFO (2) utils:263]                                                    * Leaving satisfies_armijo
[TRACE(2) nocedal:322]                                                  Failed armijo condition with true true
[DEBUG(2) nocedal:256]                                                  ...............zoom iter = 5
[TRACE(2) nocedal:257]                                                  cchk = 2.5955e-3  qchk = 1.2977e-3
[TRACE(2) nocedal:272]                                                  dalpha = 6.4887e-3 a_lo = 0.0000e0 a_hi = 6.4887e-3
[TRACE(2) nocedal:281]                                                  trying cubic interpolation
[INFO (2) utils:150]                                                    * Entering cubicmin3
[TRACE(2) utils:162]                                                        Enterin with a = 0.0000e0, b = 6.4887e-3, c = 1.2977e-2
[TRACE(2) utils:163]                                                        phi_a = 9.2884e3, phi_b = 1.2693e4, phi_c = 1.8107e4
[TRACE(2) utils:169]                                                        db = 6.4887e-3, dc = 1.2977e-2, denom = -4.6009e-11
[ERROR(2) utils:204]                                                        Returning alpha_min = 1.0120e-4
[INFO (2) utils:150]                                                    * Leaving cubicmin3
[TRACE(2) nocedal:294]                                                  trying quadratic interpolation
[INFO (2) utils:27]                                                     * Entering quadmin
[TRACE(2) utils:37]                                                         Entering with phi_a = 9.2884e3, phi_b = 1.2693e4, dphi_a = -2.3075e4, b = 6.4887e-3
[TRACE(2) utils:44]                                                         db = 6.4887e-3
[TRACE(2) utils:57]                                                         beta = 8.4428e7
[ERROR(2) utils:70]                                                         Returning alpha_min = 1.3666e-4
[INFO (2) utils:27]                                                     * Leaving quadmin
[TRACE(2) nocedal:303]                                                  Trying bisection
[TRACE(2) nocedal:311]                                                  New value of a_j = 3.2443e-3
[INFO (2) common:56]                                                    * Entering eval
[INFO (2) augmented_lagrangian:475]                                         * Entering eval
[TRACE(2) augmented_lagrangian:190]                                             Evaluated inequality constraint value: 0.0000e0
[INFO (2) augmented_lagrangian:475]                                         * Leaving eval
[INFO (2) common:56]                                                    * Leaving eval
[INFO (2) utils:263]                                                    * Entering satisfies_armijo
[TRACE(2) utils:273]                                                        armijo: left = 1.0495e4 right = 9.2884e3
[TRACE(2) utils:274]                                                        Satisfies Armijo false
[INFO (2) utils:263]                                                    * Leaving satisfies_armijo
[TRACE(2) nocedal:322]                                                  Failed armijo condition with true true
[DEBUG(2) nocedal:256]                                                  ...............zoom iter = 6
[TRACE(2) nocedal:257]                                                  cchk = 1.2977e-3  qchk = 6.4887e-4
[TRACE(2) nocedal:272]                                                  dalpha = 3.2443e-3 a_lo = 0.0000e0 a_hi = 3.2443e-3
[TRACE(2) nocedal:281]                                                  trying cubic interpolation
[INFO (2) utils:150]                                                    * Entering cubicmin3
[TRACE(2) utils:162]                                                        Enterin with a = 0.0000e0, b = 3.2443e-3, c = 6.4887e-3
[TRACE(2) utils:163]                                                        phi_a = 9.2884e3, phi_b = 1.0495e4, phi_c = 1.2693e4
[TRACE(2) utils:169]                                                        db = 3.2443e-3, dc = 6.4887e-3, denom = -1.4378e-12
[ERROR(2) utils:204]                                                        Returning alpha_min = 7.3110e-5
[INFO (2) utils:150]                                                    * Leaving cubicmin3
[TRACE(2) nocedal:294]                                                  trying quadratic interpolation
[INFO (2) utils:27]                                                     * Entering quadmin
[TRACE(2) utils:37]                                                         Entering with phi_a = 9.2884e3, phi_b = 1.0495e4, dphi_a = -2.3075e4, b = 3.2443e-3
[TRACE(2) utils:44]                                                         db = 3.2443e-3
[TRACE(2) utils:57]                                                         beta = 1.2175e8
[ERROR(2) utils:70]                                                         Returning alpha_min = 9.4764e-5
[INFO (2) utils:27]                                                     * Leaving quadmin
[TRACE(2) nocedal:303]                                                  Trying bisection
[TRACE(2) nocedal:311]                                                  New value of a_j = 1.6222e-3
[INFO (2) common:56]                                                    * Entering eval
[INFO (2) augmented_lagrangian:475]                                         * Entering eval
[TRACE(2) augmented_lagrangian:190]                                             Evaluated inequality constraint value: 7.9193e1
[INFO (2) augmented_lagrangian:475]                                         * Leaving eval
[INFO (2) common:56]                                                    * Leaving eval
[INFO (2) utils:263]                                                    * Entering satisfies_armijo
[TRACE(2) utils:273]                                                        armijo: left = 9.5889e3 right = 9.2884e3
[TRACE(2) utils:274]                                                        Satisfies Armijo false
[INFO (2) utils:263]                                                    * Leaving satisfies_armijo
[TRACE(2) nocedal:322]                                                  Failed armijo condition with true true
[DEBUG(2) nocedal:256]                                                  ...............zoom iter = 7
[TRACE(2) nocedal:257]                                                  cchk = 6.4887e-4  qchk = 3.2443e-4
[TRACE(2) nocedal:272]                                                  dalpha = 1.6222e-3 a_lo = 0.0000e0 a_hi = 1.6222e-3
[TRACE(2) nocedal:281]                                                  trying cubic interpolation
[INFO (2) utils:150]                                                    * Entering cubicmin3
[TRACE(2) utils:162]                                                        Enterin with a = 0.0000e0, b = 1.6222e-3, c = 3.2443e-3
[TRACE(2) utils:163]                                                        phi_a = 9.2884e3, phi_b = 9.5889e3, phi_c = 1.0495e4
[TRACE(2) utils:169]                                                        db = 1.6222e-3, dc = 3.2443e-3, denom = -4.4931e-14
[ERROR(2) utils:204]                                                        Returning alpha_min = 8.5728e-5
[INFO (2) utils:150]                                                    * Leaving cubicmin3
[TRACE(2) nocedal:294]                                                  trying quadratic interpolation
[INFO (2) utils:27]                                                     * Entering quadmin
[TRACE(2) utils:37]                                                         Entering with phi_a = 9.2884e3, phi_b = 9.5889e3, dphi_a = -2.3075e4, b = 1.6222e-3
[TRACE(2) utils:44]                                                         db = 1.6222e-3
[TRACE(2) utils:57]                                                         beta = 1.2843e8
[ERROR(2) utils:70]                                                         Returning alpha_min = 8.9834e-5
[INFO (2) utils:27]                                                     * Leaving quadmin
[TRACE(2) nocedal:303]                                                  Trying bisection
[TRACE(2) nocedal:311]                                                  New value of a_j = 8.1109e-4
[INFO (2) common:56]                                                    * Entering eval
[INFO (2) augmented_lagrangian:475]                                         * Entering eval
[TRACE(2) augmented_lagrangian:190]                                             Evaluated inequality constraint value: 3.1015e2
[INFO (2) augmented_lagrangian:475]                                         * Leaving eval
[INFO (2) common:56]                                                    * Leaving eval
[INFO (2) utils:263]                                                    * Entering satisfies_armijo
[TRACE(2) utils:273]                                                        armijo: left = 9.3541e3 right = 9.2884e3
[TRACE(2) utils:274]                                                        Satisfies Armijo false
[INFO (2) utils:263]                                                    * Leaving satisfies_armijo
[TRACE(2) nocedal:322]                                                  Failed armijo condition with true true
[DEBUG(2) nocedal:256]                                                  ...............zoom iter = 8
[TRACE(2) nocedal:257]                                                  cchk = 3.2443e-4  qchk = 1.6222e-4
[TRACE(2) nocedal:272]                                                  dalpha = 8.1109e-4 a_lo = 0.0000e0 a_hi = 8.1109e-4
[TRACE(2) nocedal:281]                                                  trying cubic interpolation
[INFO (2) utils:150]                                                    * Entering cubicmin3
[TRACE(2) utils:162]                                                        Enterin with a = 0.0000e0, b = 8.1109e-4, c = 1.6222e-3
[TRACE(2) utils:163]                                                        phi_a = 9.2884e3, phi_b = 9.3541e3, phi_c = 9.5889e3
[TRACE(2) utils:169]                                                        db = 8.1109e-4, dc = 1.6222e-3, denom = -1.4041e-15
[ERROR(2) utils:204]                                                        Returning alpha_min = 8.9976e-5
[INFO (2) utils:150]                                                    * Leaving cubicmin3
[TRACE(2) nocedal:294]                                                  trying quadratic interpolation
[INFO (2) utils:27]                                                     * Entering quadmin
[TRACE(2) utils:37]                                                         Entering with phi_a = 9.2884e3, phi_b = 9.3541e3, dphi_a = -2.3075e4, b = 8.1109e-4
[TRACE(2) utils:44]                                                         db = 8.1109e-4
[TRACE(2) utils:57]                                                         beta = 1.2832e8
[ERROR(2) utils:70]                                                         Returning alpha_min = 8.9911e-5
[INFO (2) utils:27]                                                     * Leaving quadmin
[TRACE(2) nocedal:311]                                                  New value of a_j = 8.9911e-5
[INFO (2) common:56]                                                    * Entering eval
[INFO (2) augmented_lagrangian:475]                                         * Entering eval
[TRACE(2) augmented_lagrangian:190]                                             Evaluated inequality constraint value: 6.4301e2
[INFO (2) augmented_lagrangian:475]                                         * Leaving eval
[INFO (2) common:56]                                                    * Leaving eval
[INFO (2) utils:263]                                                    * Entering satisfies_armijo
[TRACE(2) utils:273]                                                        armijo: left = 9.2874e3 right = 9.2884e3
[TRACE(2) utils:274]                                                        Satisfies Armijo true
[INFO (2) utils:263]                                                    * Leaving satisfies_armijo
[TRACE(2) nocedal:332]                                                  Passed armijo condition
[INFO (2) common:66]                                                    * Entering diff
[INFO (2) augmented_lagrangian:499]                                         * Entering grad
[TRACE(2) augmented_lagrangian:211]                                             Evaluated inequality constraint gradient norm: 3.5861e3
[INFO (2) augmented_lagrangian:499]                                         * Leaving grad
[INFO (2) common:66]                                                    * Leaving diff
[TRACE(2) nocedal:338]                                                  Passed curvature condition
[ERROR(2) nocedal:339]                                                  Returning a_j = 8.9911e-5 phi_aj = 9.2874e3 dphi_aj = -1.6478e1
[INFO (2) nocedal:225]                                              * Leaving zoom
[ERROR(2) nocedal:132]                                              Leaving with 8.9911e-5 9.2874e3 -1.6478e1
[INFO (2) nocedal:51]                                           * Leaving search
[INFO (2) augmented_lagrangian:499]                             * Entering grad
[TRACE(2) augmented_lagrangian:211]                                 Evaluated inequality constraint gradient norm: 3.5861e3
[INFO (2) augmented_lagrangian:499]                             * Leaving grad
[INFO (2) mod:49]                                           * Leaving search
[INFO (2) conjugate_gradient:87]                            * Entering update_direction
[TRACE(2) conjugate_gradient:99]                                norm_grad_fk1 = 1.5191e2 norm_grad_fk = 1.0870e-1
[DEBUG(2) conjugate_gradient:123]                               Applying polak-ribiere update
[DEBUG(2) conjugate_gradient:134]                               beta = 0.0000e0
[INFO (2) conjugate_gradient:87]                            * Leaving update_direction
[INFO (2) conjugate_gradient:139]                           * Entering is_converged
[INFO (2) conjugate_gradient:139]                           * Leaving is_converged
[INFO (2) conjugate_gradient:220]                           =============================================
[INFO (2) conjugate_gradient:221]                           Converging with reason Rtol
[INFO (2) conjugate_gradient:222]                           Convergence measures:
[INFO (2) conjugate_gradient:224]                           ||∇f(k)|| / ||∇f(0)|| = 5.9712e-6
[INFO (2) conjugate_gradient:225]                           ||∇f(k)|| = 1.0870e-1
[INFO (2) conjugate_gradient:226]                           =============================================
[INFO (2) conjugate_gradient:179]                       * Leaving minimize
[INFO (2) augmented_lagrangian:674]                     * Entering update_penalties_shifts
[INFO (2) augmented_lagrangian:294]                         * Entering compute_max_constraint_violation
[TRACE(2) augmented_lagrangian:313]                             Computing inequality constraint value
[TRACE(2) augmented_lagrangian:314]                             values: DMatrix { data: [0.35764302983872653], nrows: 1, ncols: 1 }
[TRACE(2) augmented_lagrangian:315]                             shifts: DMatrix { data: [0.0009672582038703451], nrows: 1, ncols: 1 }
[INFO (2) augmented_lagrangian:294]                         * Leaving compute_max_constraint_violation
[TRACE(2) augmented_lagrangian:687]                         constraint_violation_max = 2.0225e0
[TRACE(2) augmented_lagrangian:688]                         max_violation_k = 3.5764e-1
[INFO (2) augmented_lagrangian:330]                         * Entering update_unimproved_constraint_violation_indices
[TRACE(2) augmented_lagrangian:358]                             Updating set of unimproved inequality constraints
[TRACE(2) augmented_lagrangian:371]                             New set of unimproved inequality constraints [] 
[INFO (2) augmented_lagrangian:330]                         * Leaving update_unimproved_constraint_violation_indices
[TRACE(2) augmented_lagrangian:704]                         Constraint improved
[INFO (2) augmented_lagrangian:422]                         * Entering increase_shifts
[TRACE(2) augmented_lagrangian:445]                             Increasing shifts on inequality constraints
[TRACE(2) augmented_lagrangian:457]                             New shifts | 0.35861028804259687 |

[INFO (2) augmented_lagrangian:422]                         * Leaving increase_shifts
[INFO (2) augmented_lagrangian:674]                     * Leaving update_penalties_shifts
[INFO (2) augmented_lagrangian:499]                     * Entering grad
[TRACE(2) augmented_lagrangian:211]                         Evaluated inequality constraint gradient norm: 7.1625e3
[INFO (2) augmented_lagrangian:499]                     * Leaving grad
[INFO (2) augmented_lagrangian:616]                     * Entering is_converged
[TRACE(2) augmented_lagrangian:624]                         grad_norm = 3.5765e3 max_constraint_violation = 3.5764e-1
[TRACE(2) augmented_lagrangian:636]                         rtol_converged = false
[TRACE(2) augmented_lagrangian:637]                         atol_converged = false
[TRACE(2) augmented_lagrangian:638]                         ctol_converged = false
[INFO (2) augmented_lagrangian:616]                     * Leaving is_converged
[INFO (2) augmented_lagrangian:663]                     ******************************************************************************************** i = 7
[TRACE(2) augmented_lagrangian:664]                     Current solution: | 19.642356970161273 10.082244733693479   9.88409049619083  9.925500088269136  9.925500136261249 |

[INFO (2) augmented_lagrangian:665]                     Current values: fx=9.2874e3, norm_grad_fx=3.5765e3
[INFO (2) augmented_lagrangian:666]                     Convergence measures:
[INFO (2) augmented_lagrangian:668]                     ||∇f(k)|| / ||∇f(0)|| = 5.8919e-4
[INFO (2) augmented_lagrangian:669]                     Kmax = 3.5764e-1
[INFO (2) augmented_lagrangian:569]                     * Entering set_uncon_options
[INFO (2) augmented_lagrangian:275]                         * Entering compute_max_penalty
[INFO (2) augmented_lagrangian:275]                         * Leaving compute_max_penalty
[TRACE(2) augmented_lagrangian:597]                         max_penalty = 1.0000e4 max_violation = 3.5764e-1 raw rtol = 1.2791e-2
[TRACE(2) augmented_lagrangian:604]                         Setting Unconstrained options rtol = 1.0000e-3  max_iter 50
[INFO (2) augmented_lagrangian:569]                     * Leaving set_uncon_options
[INFO (2) factory:53]                                   * Entering create
[INFO (2) conjugate_gradient:50]                            * Entering new
[INFO (2) augmented_lagrangian:499]                             * Entering grad
[TRACE(2) augmented_lagrangian:211]                                 Evaluated inequality constraint gradient norm: 7.1625e3
[INFO (2) augmented_lagrangian:499]                             * Leaving grad
[INFO (2) conjugate_gradient:50]                            * Leaving new
[INFO (2) factory:53]                                   * Leaving create
[INFO (2) conjugate_gradient:179]                       * Entering minimize
[INFO (2) augmented_lagrangian:475]                         * Entering eval
[TRACE(2) augmented_lagrangian:190]                             Evaluated inequality constraint value: 2.5651e3
[INFO (2) augmented_lagrangian:475]                         * Leaving eval
[INFO (2) augmented_lagrangian:499]                         * Entering grad
[TRACE(2) augmented_lagrangian:211]                             Evaluated inequality constraint gradient norm: 7.1625e3
[INFO (2) augmented_lagrangian:499]                         * Leaving grad
[INFO (2) conjugate_gradient:166]                           ======================================================================== i = 1
[TRACE(2) conjugate_gradient:167]                           Current solution: | 19.642356970161273 10.082244733693479   9.88409049619083  9.925500088269136  9.925500136261249 |

[INFO (2) conjugate_gradient:168]                           Current values: fx=1.1209e4, norm_grad_fx=3.5765e3
[INFO (2) conjugate_gradient:169]                           Convergence measures:
[INFO (2) conjugate_gradient:171]                           ||∇f(k)|| / ||∇f(0)|| = 1.0000e0
[INFO (2) conjugate_gradient:67]                            * Entering apply_restart
[INFO (2) conjugate_gradient:67]                            * Leaving apply_restart
[INFO (2) utils:321]                                        * Entering initial_step
[TRACE(2) utils:329]                                            phi1 = 1.1209e4, phi0 = 1.2998e4 dphi1 = -1.2792e7
[TRACE(2) utils:334]                                            stp1 = 1.0000e0 stp2 = 2.8240e-4
[TRACE(2) utils:335]                                            returning 2.8240e-4
[INFO (2) utils:321]                                        * Leaving initial_step
[INFO (2) mod:49]                                           * Entering search
[TRACE(2) mod:59]                                               Running with parameters:
[TRACE(2) mod:60]                                               iter_data: fx=1.1209e4, norm_grad_fx=3.5765e3
[TRACE(2) mod:61]                                               alpha_init: 0.00028239593199385667
[INFO (2) common:30]                                            * Entering new
[INFO (2) common:30]                                            * Leaving new
[INFO (2) factory:30]                                           * Entering create
[INFO (2) nocedal:37]                                               * Entering new
[INFO (2) nocedal:37]                                               * Leaving new
[INFO (2) factory:30]                                           * Leaving create
[INFO (2) nocedal:51]                                           * Entering search
[TRACE(2) nocedal:60]                                               Entering with phi0 = 1.1209e4 dphi0 = -1.2792e7
[INFO (2) common:56]                                                * Entering eval
[INFO (2) augmented_lagrangian:475]                                     * Entering eval
[TRACE(2) augmented_lagrangian:190]                                         Evaluated inequality constraint value: 0.0000e0
[INFO (2) augmented_lagrangian:475]                                     * Leaving eval
[INFO (2) common:56]                                                * Leaving eval
[TRACE(2) nocedal:80]                                               --------------------------------------- nocedal it = 0
[TRACE(2) nocedal:81]                                               alpha0 = 0.0000e0 alpha1 = 2.8240e-4
[TRACE(2) nocedal:82]                                               phi_a0 = 1.1209e4 phi1 1.2876e4
[TRACE(2) nocedal:83]                                               dphi_aa0 = -1.2792e7 dphi1 0.0000e0
[INFO (2) utils:263]                                                * Entering satisfies_armijo
[TRACE(2) utils:273]                                                    armijo: left = 1.2876e4 right = 1.1209e4
[TRACE(2) utils:274]                                                    Satisfies Armijo false
[INFO (2) utils:263]                                                * Leaving satisfies_armijo
[TRACE(2) nocedal:103]                                              Does not satisfy armijo
[INFO (2) nocedal:225]                                              * Entering zoom
[TRACE(2) nocedal:242]                                                  Entering with a_lo = 0.0000e0 a_hi = 2.8240e-4 phi_lo = 1.1209e4 phi_hi = 1.2876e4
[TRACE(2) nocedal:243]                                                  phi0 = 1.1209e4 dphi0 = -1.2792e7 c1 = 1.0000e-4 c2 = 4.0000e-1
[DEBUG(2) nocedal:256]                                                  ...............zoom iter = 0
[TRACE(2) nocedal:257]                                                  cchk = 0.0000e0  qchk = 0.0000e0
[TRACE(2) nocedal:272]                                                  dalpha = 2.8240e-4 a_lo = 0.0000e0 a_hi = 2.8240e-4
[TRACE(2) nocedal:294]                                                  trying quadratic interpolation
[INFO (2) utils:27]                                                     * Entering quadmin
[TRACE(2) utils:37]                                                         Entering with phi_a = 1.1209e4, phi_b = 1.2876e4, dphi_a = -1.2792e7, b = 2.8240e-4
[TRACE(2) utils:44]                                                         db = 2.8240e-4
[TRACE(2) utils:57]                                                         beta = 6.6195e10
[ERROR(2) utils:70]                                                         Returning alpha_min = 9.6620e-5
[INFO (2) utils:27]                                                     * Leaving quadmin
[TRACE(2) nocedal:311]                                                  New value of a_j = 9.6620e-5
[INFO (2) common:56]                                                    * Entering eval
[INFO (2) augmented_lagrangian:475]                                         * Entering eval
[TRACE(2) augmented_lagrangian:190]                                             Evaluated inequality constraint value: 6.8704e2
[INFO (2) augmented_lagrangian:475]                                         * Leaving eval
[INFO (2) common:56]                                                    * Leaving eval
[INFO (2) utils:263]                                                    * Entering satisfies_armijo
[TRACE(2) utils:273]                                                        armijo: left = 1.0639e4 right = 1.1209e4
[TRACE(2) utils:274]                                                        Satisfies Armijo true
[INFO (2) utils:263]                                                    * Leaving satisfies_armijo
[TRACE(2) nocedal:332]                                                  Passed armijo condition
[INFO (2) common:66]                                                    * Entering diff
[INFO (2) augmented_lagrangian:499]                                         * Entering grad
[TRACE(2) augmented_lagrangian:211]                                             Evaluated inequality constraint gradient norm: 3.7069e3
[INFO (2) augmented_lagrangian:499]                                         * Leaving grad
[INFO (2) common:66]                                                    * Leaving diff
[TRACE(2) nocedal:338]                                                  Passed curvature condition
[ERROR(2) nocedal:339]                                                  Returning a_j = 9.6620e-5 phi_aj = 1.0639e4 dphi_aj = 9.9663e5
[INFO (2) nocedal:225]                                              * Leaving zoom
[ERROR(2) nocedal:132]                                              Leaving with 9.6620e-5 1.0639e4 9.9663e5
[INFO (2) nocedal:51]                                           * Leaving search
[INFO (2) augmented_lagrangian:499]                             * Entering grad
[TRACE(2) augmented_lagrangian:211]                                 Evaluated inequality constraint gradient norm: 3.7069e3
[INFO (2) augmented_lagrangian:499]                             * Leaving grad
[INFO (2) mod:49]                                           * Leaving search
[INFO (2) conjugate_gradient:87]                            * Entering update_direction
[TRACE(2) conjugate_gradient:99]                                norm_grad_fk1 = 3.5765e3 norm_grad_fk = 2.7866e2
[DEBUG(2) conjugate_gradient:123]                               Applying polak-ribiere update
[DEBUG(2) conjugate_gradient:134]                               beta = 8.3983e-2
[INFO (2) conjugate_gradient:87]                            * Leaving update_direction
[INFO (2) conjugate_gradient:139]                           * Entering is_converged
[INFO (2) conjugate_gradient:139]                           * Leaving is_converged
[INFO (2) conjugate_gradient:166]                           ======================================================================== i = 2
[TRACE(2) conjugate_gradient:167]                           Current solution: | 19.987923555230132 10.082244518686235    9.8840910980376  9.925500248076235  9.925500296068039 |

[INFO (2) conjugate_gradient:168]                           Current values: fx=1.0639e4, norm_grad_fx=2.7866e2
[INFO (2) conjugate_gradient:169]                           Convergence measures:
[INFO (2) conjugate_gradient:171]                           ||∇f(k)|| / ||∇f(0)|| = 7.7913e-2
[INFO (2) conjugate_gradient:67]                            * Entering apply_restart
[INFO (2) conjugate_gradient:67]                            * Leaving apply_restart
[INFO (2) utils:321]                                        * Entering initial_step
[TRACE(2) utils:329]                                            phi1 = 1.0639e4, phi0 = 1.1209e4 dphi1 = -7.7651e4
[TRACE(2) utils:334]                                            stp1 = 1.0000e0 stp2 = 1.4844e-2
[TRACE(2) utils:335]                                            returning 1.4844e-2
[INFO (2) utils:321]                                        * Leaving initial_step
[INFO (2) mod:49]                                           * Entering search
[TRACE(2) mod:59]                                               Running with parameters:
[TRACE(2) mod:60]                                               iter_data: fx=1.0639e4, norm_grad_fx=2.7866e2
[TRACE(2) mod:61]                                               alpha_init: 0.014844329851187008
[INFO (2) common:30]                                            * Entering new
[INFO (2) common:30]                                            * Leaving new
[INFO (2) factory:30]                                           * Entering create
[INFO (2) nocedal:37]                                               * Entering new
[INFO (2) nocedal:37]                                               * Leaving new
[INFO (2) factory:30]                                           * Leaving create
[INFO (2) nocedal:51]                                           * Entering search
[TRACE(2) nocedal:60]                                               Entering with phi0 = 1.0639e4 dphi0 = -7.7651e4
[INFO (2) common:56]                                                * Entering eval
[INFO (2) augmented_lagrangian:475]                                     * Entering eval
[TRACE(2) augmented_lagrangian:190]                                         Evaluated inequality constraint value: 1.0157e5
[INFO (2) augmented_lagrangian:475]                                     * Leaving eval
[INFO (2) common:56]                                                * Leaving eval
[TRACE(2) nocedal:80]                                               --------------------------------------- nocedal it = 0
[TRACE(2) nocedal:81]                                               alpha0 = 0.0000e0 alpha1 = 1.4844e-2
[TRACE(2) nocedal:82]                                               phi_a0 = 1.0639e4 phi1 1.0275e5
[TRACE(2) nocedal:83]                                               dphi_aa0 = -7.7651e4 dphi1 0.0000e0
[INFO (2) utils:263]                                                * Entering satisfies_armijo
[TRACE(2) utils:273]                                                    armijo: left = 1.0275e5 right = 1.0639e4
[TRACE(2) utils:274]                                                    Satisfies Armijo false
[INFO (2) utils:263]                                                * Leaving satisfies_armijo
[TRACE(2) nocedal:103]                                              Does not satisfy armijo
[INFO (2) nocedal:225]                                              * Entering zoom
[TRACE(2) nocedal:242]                                                  Entering with a_lo = 0.0000e0 a_hi = 1.4844e-2 phi_lo = 1.0639e4 phi_hi = 1.0275e5
[TRACE(2) nocedal:243]                                                  phi0 = 1.0639e4 dphi0 = -7.7651e4 c1 = 1.0000e-4 c2 = 4.0000e-1
[DEBUG(2) nocedal:256]                                                  ...............zoom iter = 0
[TRACE(2) nocedal:257]                                                  cchk = 0.0000e0  qchk = 0.0000e0
[TRACE(2) nocedal:272]                                                  dalpha = 1.4844e-2 a_lo = 0.0000e0 a_hi = 1.4844e-2
[TRACE(2) nocedal:294]                                                  trying quadratic interpolation
[INFO (2) utils:27]                                                     * Entering quadmin
[TRACE(2) utils:37]                                                         Entering with phi_a = 1.0639e4, phi_b = 1.0275e5, dphi_a = -7.7651e4, b = 1.4844e-2
[TRACE(2) utils:44]                                                         db = 1.4844e-2
[TRACE(2) utils:57]                                                         beta = 4.2323e8
[ERROR(2) utils:70]                                                         Returning alpha_min = 9.1736e-5
[INFO (2) utils:27]                                                     * Leaving quadmin
[TRACE(2) nocedal:303]                                                  Trying bisection
[TRACE(2) nocedal:311]                                                  New value of a_j = 7.4222e-3
[INFO (2) common:56]                                                    * Entering eval
[INFO (2) augmented_lagrangian:475]                                         * Entering eval
[TRACE(2) augmented_lagrangian:190]                                             Evaluated inequality constraint value: 2.9742e4
[INFO (2) augmented_lagrangian:475]                                         * Leaving eval
[INFO (2) common:56]                                                    * Leaving eval
[INFO (2) utils:263]                                                    * Entering satisfies_armijo
[TRACE(2) utils:273]                                                        armijo: left = 3.3676e4 right = 1.0639e4
[TRACE(2) utils:274]                                                        Satisfies Armijo false
[INFO (2) utils:263]                                                    * Leaving satisfies_armijo
[TRACE(2) nocedal:322]                                                  Failed armijo condition with true true
[DEBUG(2) nocedal:256]                                                  ...............zoom iter = 1
[TRACE(2) nocedal:257]                                                  cchk = 0.0000e0  qchk = 1.4844e-3
[TRACE(2) nocedal:272]                                                  dalpha = 7.4222e-3 a_lo = 0.0000e0 a_hi = 7.4222e-3
[TRACE(2) nocedal:281]                                                  trying cubic interpolation
[INFO (2) utils:150]                                                    * Entering cubicmin3
[TRACE(2) utils:162]                                                        Enterin with a = 0.0000e0, b = 7.4222e-3, c = 1.4844e-2
[TRACE(2) utils:163]                                                        phi_a = 1.0639e4, phi_b = 3.3676e4, phi_c = 1.0275e5
[TRACE(2) utils:169]                                                        db = 7.4222e-3, dc = 1.4844e-2, denom = -9.0098e-11
[ERROR(2) utils:204]                                                        Returning alpha_min = 8.9466e-5
[INFO (2) utils:150]                                                    * Leaving cubicmin3
[TRACE(2) nocedal:294]                                                  trying quadratic interpolation
[INFO (2) utils:27]                                                     * Entering quadmin
[TRACE(2) utils:37]                                                         Entering with phi_a = 1.0639e4, phi_b = 3.3676e4, dphi_a = -7.7651e4, b = 7.4222e-3
[TRACE(2) utils:44]                                                         db = 7.4222e-3
[TRACE(2) utils:57]                                                         beta = 4.2865e8
[ERROR(2) utils:70]                                                         Returning alpha_min = 9.0576e-5
[INFO (2) utils:27]                                                     * Leaving quadmin
[TRACE(2) nocedal:303]                                                  Trying bisection
[TRACE(2) nocedal:311]                                                  New value of a_j = 3.7111e-3
[INFO (2) common:56]                                                    * Entering eval
[INFO (2) augmented_lagrangian:475]                                         * Entering eval
[TRACE(2) augmented_lagrangian:190]                                             Evaluated inequality constraint value: 9.8675e3
[INFO (2) augmented_lagrangian:475]                                         * Leaving eval
[INFO (2) common:56]                                                    * Leaving eval
[INFO (2) utils:263]                                                    * Entering satisfies_armijo
[TRACE(2) utils:273]                                                        armijo: left = 1.6295e4 right = 1.0639e4
[TRACE(2) utils:274]                                                        Satisfies Armijo false
[INFO (2) utils:263]                                                    * Leaving satisfies_armijo
[TRACE(2) nocedal:322]                                                  Failed armijo condition with true true
[DEBUG(2) nocedal:256]                                                  ...............zoom iter = 2
[TRACE(2) nocedal:257]                                                  cchk = 1.4844e-3  qchk = 7.4222e-4
[TRACE(2) nocedal:272]                                                  dalpha = 3.7111e-3 a_lo = 0.0000e0 a_hi = 3.7111e-3
[TRACE(2) nocedal:281]                                                  trying cubic interpolation
[INFO (2) utils:150]                                                    * Entering cubicmin3
[TRACE(2) utils:162]                                                        Enterin with a = 0.0000e0, b = 3.7111e-3, c = 7.4222e-3
[TRACE(2) utils:163]                                                        phi_a = 1.0639e4, phi_b = 1.6295e4, phi_c = 3.3676e4
[TRACE(2) utils:169]                                                        db = 3.7111e-3, dc = 7.4222e-3, denom = -2.8155e-12
[ERROR(2) utils:204]                                                        Returning alpha_min = 8.9365e-5
[INFO (2) utils:150]                                                    * Leaving cubicmin3
[TRACE(2) nocedal:294]                                                  trying quadratic interpolation
[INFO (2) utils:27]                                                     * Entering quadmin
[TRACE(2) utils:37]                                                         Entering with phi_a = 1.0639e4, phi_b = 1.6295e4, dphi_a = -7.7651e4, b = 3.7111e-3
[TRACE(2) utils:44]                                                         db = 3.7111e-3
[TRACE(2) utils:57]                                                         beta = 4.3161e8
[ERROR(2) utils:70]                                                         Returning alpha_min = 8.9955e-5
[INFO (2) utils:27]                                                     * Leaving quadmin
[TRACE(2) nocedal:303]                                                  Trying bisection
[TRACE(2) nocedal:311]                                                  New value of a_j = 1.8555e-3
[INFO (2) common:56]                                                    * Entering eval
[INFO (2) augmented_lagrangian:475]                                         * Entering eval
[TRACE(2) augmented_lagrangian:190]                                             Evaluated inequality constraint value: 3.9405e3
[INFO (2) augmented_lagrangian:475]                                         * Leaving eval
[INFO (2) common:56]                                                    * Leaving eval
[INFO (2) utils:263]                                                    * Entering satisfies_armijo
[TRACE(2) utils:273]                                                        armijo: left = 1.1986e4 right = 1.0639e4
[TRACE(2) utils:274]                                                        Satisfies Armijo false
[INFO (2) utils:263]                                                    * Leaving satisfies_armijo
[TRACE(2) nocedal:322]                                                  Failed armijo condition with true true
[DEBUG(2) nocedal:256]                                                  ...............zoom iter = 3
[TRACE(2) nocedal:257]                                                  cchk = 7.4222e-4  qchk = 3.7111e-4
[TRACE(2) nocedal:272]                                                  dalpha = 1.8555e-3 a_lo = 0.0000e0 a_hi = 1.8555e-3
[TRACE(2) nocedal:281]                                                  trying cubic interpolation
[INFO (2) utils:150]                                                    * Entering cubicmin3
[TRACE(2) utils:162]                                                        Enterin with a = 0.0000e0, b = 1.8555e-3, c = 3.7111e-3
[TRACE(2) utils:163]                                                        phi_a = 1.0639e4, phi_b = 1.1986e4, phi_c = 1.6295e4
[TRACE(2) utils:169]                                                        db = 1.8555e-3, dc = 3.7111e-3, denom = -8.7986e-14
[ERROR(2) utils:204]                                                        Returning alpha_min = 8.9340e-5
[INFO (2) utils:150]                                                    * Leaving cubicmin3
[TRACE(2) nocedal:294]                                                  trying quadratic interpolation
[INFO (2) utils:27]                                                     * Entering quadmin
[TRACE(2) utils:37]                                                         Entering with phi_a = 1.0639e4, phi_b = 1.1986e4, dphi_a = -7.7651e4, b = 1.8555e-3
[TRACE(2) utils:44]                                                         db = 1.8555e-3
[TRACE(2) utils:57]                                                         beta = 4.3315e8
[ERROR(2) utils:70]                                                         Returning alpha_min = 8.9635e-5
[INFO (2) utils:27]                                                     * Leaving quadmin
[TRACE(2) nocedal:303]                                                  Trying bisection
[TRACE(2) nocedal:311]                                                  New value of a_j = 9.2777e-4
[INFO (2) common:56]                                                    * Entering eval
[INFO (2) augmented_lagrangian:475]                                         * Entering eval
[TRACE(2) augmented_lagrangian:190]                                             Evaluated inequality constraint value: 1.9796e3
[INFO (2) augmented_lagrangian:475]                                         * Leaving eval
[INFO (2) common:56]                                                    * Leaving eval
[INFO (2) utils:263]                                                    * Entering satisfies_armijo
[TRACE(2) utils:273]                                                        armijo: left = 1.0940e4 right = 1.0639e4
[TRACE(2) utils:274]                                                        Satisfies Armijo false
[INFO (2) utils:263]                                                    * Leaving satisfies_armijo
[TRACE(2) nocedal:322]                                                  Failed armijo condition with true true
[DEBUG(2) nocedal:256]                                                  ...............zoom iter = 4
[TRACE(2) nocedal:257]                                                  cchk = 3.7111e-4  qchk = 1.8555e-4
[TRACE(2) nocedal:272]                                                  dalpha = 9.2777e-4 a_lo = 0.0000e0 a_hi = 9.2777e-4
[TRACE(2) nocedal:281]                                                  trying cubic interpolation
[INFO (2) utils:150]                                                    * Entering cubicmin3
[TRACE(2) utils:162]                                                        Enterin with a = 0.0000e0, b = 9.2777e-4, c = 1.8555e-3
[TRACE(2) utils:163]                                                        phi_a = 1.0639e4, phi_b = 1.0940e4, phi_c = 1.1986e4
[TRACE(2) utils:169]                                                        db = 9.2777e-4, dc = 1.8555e-3, denom = -2.7496e-15
[ERROR(2) utils:204]                                                        Returning alpha_min = 8.9334e-5
[INFO (2) utils:150]                                                    * Leaving cubicmin3
[TRACE(2) nocedal:294]                                                  trying quadratic interpolation
[INFO (2) utils:27]                                                     * Entering quadmin
[TRACE(2) utils:37]                                                         Entering with phi_a = 1.0639e4, phi_b = 1.0940e4, dphi_a = -7.7651e4, b = 9.2777e-4
[TRACE(2) utils:44]                                                         db = 9.2777e-4
[TRACE(2) utils:57]                                                         beta = 4.3393e8
[ERROR(2) utils:70]                                                         Returning alpha_min = 8.9473e-5
[INFO (2) utils:27]                                                     * Leaving quadmin
[TRACE(2) nocedal:303]                                                  Trying bisection
[TRACE(2) nocedal:311]                                                  New value of a_j = 4.6389e-4
[INFO (2) common:56]                                                    * Entering eval
[INFO (2) augmented_lagrangian:475]                                         * Entering eval
[TRACE(2) augmented_lagrangian:190]                                             Evaluated inequality constraint value: 1.2498e3
[INFO (2) augmented_lagrangian:475]                                         * Leaving eval
[INFO (2) common:56]                                                    * Leaving eval
[INFO (2) utils:263]                                                    * Entering satisfies_armijo
[TRACE(2) utils:273]                                                        armijo: left = 1.0696e4 right = 1.0639e4
[TRACE(2) utils:274]                                                        Satisfies Armijo false
[INFO (2) utils:263]                                                    * Leaving satisfies_armijo
[TRACE(2) nocedal:322]                                                  Failed armijo condition with true true
[DEBUG(2) nocedal:256]                                                  ...............zoom iter = 5
[TRACE(2) nocedal:257]                                                  cchk = 1.8555e-4  qchk = 9.2777e-5
[TRACE(2) nocedal:272]                                                  dalpha = 4.6389e-4 a_lo = 0.0000e0 a_hi = 4.6389e-4
[TRACE(2) nocedal:281]                                                  trying cubic interpolation
[INFO (2) utils:150]                                                    * Entering cubicmin3
[TRACE(2) utils:162]                                                        Enterin with a = 0.0000e0, b = 4.6389e-4, c = 9.2777e-4
[TRACE(2) utils:163]                                                        phi_a = 1.0639e4, phi_b = 1.0696e4, phi_c = 1.0940e4
[TRACE(2) utils:169]                                                        db = 4.6389e-4, dc = 9.2777e-4, denom = -8.5924e-17
[ERROR(2) utils:204]                                                        Returning alpha_min = 8.9333e-5
[INFO (2) utils:150]                                                    * Leaving cubicmin3
[TRACE(2) nocedal:294]                                                  trying quadratic interpolation
[INFO (2) utils:27]                                                     * Entering quadmin
[TRACE(2) utils:37]                                                         Entering with phi_a = 1.0639e4, phi_b = 1.0696e4, dphi_a = -7.7651e4, b = 4.6389e-4
[TRACE(2) utils:44]                                                         db = 4.6389e-4
[TRACE(2) utils:57]                                                         beta = 4.3433e8
[ERROR(2) utils:70]                                                         Returning alpha_min = 8.9391e-5
[INFO (2) utils:27]                                                     * Leaving quadmin
[TRACE(2) nocedal:311]                                                  New value of a_j = 8.9391e-5
[INFO (2) common:56]                                                    * Entering eval
[INFO (2) augmented_lagrangian:475]                                         * Entering eval
[TRACE(2) augmented_lagrangian:190]                                             Evaluated inequality constraint value: 7.8248e2
[INFO (2) augmented_lagrangian:475]                                         * Leaving eval
[INFO (2) common:56]                                                    * Leaving eval
[INFO (2) utils:263]                                                    * Entering satisfies_armijo
[TRACE(2) utils:273]                                                        armijo: left = 1.0635e4 right = 1.0639e4
[TRACE(2) utils:274]                                                        Satisfies Armijo true
[INFO (2) utils:263]                                                    * Leaving satisfies_armijo
[TRACE(2) nocedal:332]                                                  Passed armijo condition
[INFO (2) common:66]                                                    * Entering diff
[INFO (2) augmented_lagrangian:499]                                         * Entering grad
[TRACE(2) augmented_lagrangian:211]                                             Evaluated inequality constraint gradient norm: 3.9560e3
[INFO (2) augmented_lagrangian:499]                                         * Leaving grad
[INFO (2) common:66]                                                    * Leaving diff
[TRACE(2) nocedal:338]                                                  Passed curvature condition
[ERROR(2) nocedal:339]                                                  Returning a_j = 8.9391e-5 phi_aj = 1.0635e4 dphi_aj = 5.0756e1
[INFO (2) nocedal:225]                                              * Leaving zoom
[ERROR(2) nocedal:132]                                              Leaving with 8.9391e-5 1.0635e4 5.0756e1
[INFO (2) nocedal:51]                                           * Leaving search
[INFO (2) augmented_lagrangian:499]                             * Entering grad
[TRACE(2) augmented_lagrangian:211]                                 Evaluated inequality constraint gradient norm: 3.9560e3
[INFO (2) augmented_lagrangian:499]                             * Leaving grad
[INFO (2) mod:49]                                           * Leaving search
[INFO (2) conjugate_gradient:87]                            * Entering update_direction
[TRACE(2) conjugate_gradient:99]                                norm_grad_fk1 = 2.7866e2 norm_grad_fk = 1.8228e-1
[DEBUG(2) conjugate_gradient:123]                               Applying polak-ribiere update
[DEBUG(2) conjugate_gradient:134]                               beta = 6.5408e-4
[INFO (2) conjugate_gradient:87]                            * Leaving update_direction
[INFO (2) conjugate_gradient:139]                           * Entering is_converged
[INFO (2) conjugate_gradient:139]                           * Leaving is_converged
[INFO (2) conjugate_gradient:220]                           =============================================
[INFO (2) conjugate_gradient:221]                           Converging with reason Rtol
[INFO (2) conjugate_gradient:222]                           Convergence measures:
[INFO (2) conjugate_gradient:224]                           ||∇f(k)|| / ||∇f(0)|| = 5.0966e-5
[INFO (2) conjugate_gradient:225]                           ||∇f(k)|| = 1.8228e-1
[INFO (2) conjugate_gradient:226]                           =============================================
[INFO (2) conjugate_gradient:179]                       * Leaving minimize
[INFO (2) augmented_lagrangian:674]                     * Entering update_penalties_shifts
[INFO (2) augmented_lagrangian:294]                         * Entering compute_max_constraint_violation
[TRACE(2) augmented_lagrangian:313]                             Computing inequality constraint value
[TRACE(2) augmented_lagrangian:314]                             values: DMatrix { data: [0.03698600167654931], nrows: 1, ncols: 1 }
[TRACE(2) augmented_lagrangian:315]                             shifts: DMatrix { data: [0.35861028804259687], nrows: 1, ncols: 1 }
[INFO (2) augmented_lagrangian:294]                         * Leaving compute_max_constraint_violation
[TRACE(2) augmented_lagrangian:687]                         constraint_violation_max = 3.5764e-1
[TRACE(2) augmented_lagrangian:688]                         max_violation_k = 3.6986e-2
[INFO (2) augmented_lagrangian:330]                         * Entering update_unimproved_constraint_violation_indices
[TRACE(2) augmented_lagrangian:358]                             Updating set of unimproved inequality constraints
[TRACE(2) augmented_lagrangian:371]                             New set of unimproved inequality constraints [] 
[INFO (2) augmented_lagrangian:330]                         * Leaving update_unimproved_constraint_violation_indices
[TRACE(2) augmented_lagrangian:704]                         Constraint improved
[INFO (2) augmented_lagrangian:422]                         * Entering increase_shifts
[TRACE(2) augmented_lagrangian:445]                             Increasing shifts on inequality constraints
[TRACE(2) augmented_lagrangian:457]                             New shifts | 0.3955962897191462 |

[INFO (2) augmented_lagrangian:422]                         * Leaving increase_shifts
[INFO (2) augmented_lagrangian:674]                     * Leaving update_penalties_shifts
[INFO (2) augmented_lagrangian:499]                     * Entering grad
[TRACE(2) augmented_lagrangian:211]                         Evaluated inequality constraint gradient norm: 4.3258e3
[INFO (2) augmented_lagrangian:499]                     * Leaving grad
[INFO (2) augmented_lagrangian:616]                     * Entering is_converged
[TRACE(2) augmented_lagrangian:624]                         grad_norm = 3.7004e2 max_constraint_violation = 3.6986e-2
[TRACE(2) augmented_lagrangian:636]                         rtol_converged = true
[TRACE(2) augmented_lagrangian:637]                         atol_converged = false
[TRACE(2) augmented_lagrangian:638]                         ctol_converged = false
[INFO (2) augmented_lagrangian:616]                     * Leaving is_converged
[INFO (2) augmented_lagrangian:663]                     ******************************************************************************************** i = 8
[TRACE(2) augmented_lagrangian:664]                     Current solution: |  19.96301399832345 10.082244319767955  9.884091654843951  9.925500395925198  9.925500443916716 |

[INFO (2) augmented_lagrangian:665]                     Current values: fx=1.0635e4, norm_grad_fx=3.7004e2
[INFO (2) augmented_lagrangian:666]                     Convergence measures:
[INFO (2) augmented_lagrangian:668]                     ||∇f(k)|| / ||∇f(0)|| = 6.0960e-5
[INFO (2) augmented_lagrangian:669]                     Kmax = 3.6986e-2
[INFO (2) augmented_lagrangian:569]                     * Entering set_uncon_options
[INFO (2) augmented_lagrangian:275]                         * Entering compute_max_penalty
[INFO (2) augmented_lagrangian:275]                         * Leaving compute_max_penalty
[TRACE(2) augmented_lagrangian:597]                         max_penalty = 1.0000e4 max_violation = 3.6986e-2 raw rtol = 1.3680e-4
[TRACE(2) augmented_lagrangian:604]                         Setting Unconstrained options rtol = 1.3680e-5  max_iter 50
[INFO (2) augmented_lagrangian:569]                     * Leaving set_uncon_options
[INFO (2) factory:53]                                   * Entering create
[INFO (2) conjugate_gradient:50]                            * Entering new
[INFO (2) augmented_lagrangian:499]                             * Entering grad
[TRACE(2) augmented_lagrangian:211]                                 Evaluated inequality constraint gradient norm: 4.3258e3
[INFO (2) augmented_lagrangian:499]                             * Leaving grad
[INFO (2) conjugate_gradient:50]                            * Leaving new
[INFO (2) factory:53]                                   * Leaving create
[INFO (2) conjugate_gradient:179]                       * Entering minimize
[INFO (2) augmented_lagrangian:475]                         * Entering eval
[TRACE(2) augmented_lagrangian:190]                             Evaluated inequality constraint value: 9.3564e2
[INFO (2) augmented_lagrangian:475]                         * Leaving eval
[INFO (2) augmented_lagrangian:499]                         * Entering grad
[TRACE(2) augmented_lagrangian:211]                             Evaluated inequality constraint gradient norm: 4.3258e3
[INFO (2) augmented_lagrangian:499]                         * Leaving grad
[INFO (2) conjugate_gradient:166]                           ======================================================================== i = 1
[TRACE(2) conjugate_gradient:167]                           Current solution: |  19.96301399832345 10.082244319767955  9.884091654843951  9.925500395925198  9.925500443916716 |

[INFO (2) conjugate_gradient:168]                           Current values: fx=1.0789e4, norm_grad_fx=3.7004e2
[INFO (2) conjugate_gradient:169]                           Convergence measures:
[INFO (2) conjugate_gradient:171]                           ||∇f(k)|| / ||∇f(0)|| = 1.0000e0
[INFO (2) conjugate_gradient:67]                            * Entering apply_restart
[INFO (2) conjugate_gradient:67]                            * Leaving apply_restart
[INFO (2) utils:321]                                        * Entering initial_step
[TRACE(2) utils:329]                                            phi1 = 1.0789e4, phi0 = 1.0974e4 dphi1 = -1.3693e5
[TRACE(2) utils:334]                                            stp1 = 1.0000e0 stp2 = 2.7294e-3
[TRACE(2) utils:335]                                            returning 2.7294e-3
[INFO (2) utils:321]                                        * Leaving initial_step
[INFO (2) mod:49]                                           * Entering search
[TRACE(2) mod:59]                                               Running with parameters:
[TRACE(2) mod:60]                                               iter_data: fx=1.0789e4, norm_grad_fx=3.7004e2
[TRACE(2) mod:61]                                               alpha_init: 0.0027294187036233626
[INFO (2) common:30]                                            * Entering new
[INFO (2) common:30]                                            * Leaving new
[INFO (2) factory:30]                                           * Entering create
[INFO (2) nocedal:37]                                               * Entering new
[INFO (2) nocedal:37]                                               * Leaving new
[INFO (2) factory:30]                                           * Leaving create
[INFO (2) nocedal:51]                                           * Entering search
[TRACE(2) nocedal:60]                                               Entering with phi0 = 1.0789e4 dphi0 = -1.3693e5
[INFO (2) common:56]                                                * Entering eval
[INFO (2) augmented_lagrangian:475]                                     * Entering eval
[TRACE(2) augmented_lagrangian:190]                                         Evaluated inequality constraint value: 0.0000e0
[INFO (2) augmented_lagrangian:475]                                     * Leaving eval
[INFO (2) common:56]                                                * Leaving eval
[TRACE(2) nocedal:80]                                               --------------------------------------- nocedal it = 0
[TRACE(2) nocedal:81]                                               alpha0 = 0.0000e0 alpha1 = 2.7294e-3
[TRACE(2) nocedal:82]                                               phi_a0 = 1.0789e4 phi1 1.4498e4
[TRACE(2) nocedal:83]                                               dphi_aa0 = -1.3693e5 dphi1 0.0000e0
[INFO (2) utils:263]                                                * Entering satisfies_armijo
[TRACE(2) utils:273]                                                    armijo: left = 1.4498e4 right = 1.0788e4
[TRACE(2) utils:274]                                                    Satisfies Armijo false
[INFO (2) utils:263]                                                * Leaving satisfies_armijo
[TRACE(2) nocedal:103]                                              Does not satisfy armijo
[INFO (2) nocedal:225]                                              * Entering zoom
[TRACE(2) nocedal:242]                                                  Entering with a_lo = 0.0000e0 a_hi = 2.7294e-3 phi_lo = 1.0789e4 phi_hi = 1.4498e4
[TRACE(2) nocedal:243]                                                  phi0 = 1.0789e4 dphi0 = -1.3693e5 c1 = 1.0000e-4 c2 = 4.0000e-1
[DEBUG(2) nocedal:256]                                                  ...............zoom iter = 0
[TRACE(2) nocedal:257]                                                  cchk = 0.0000e0  qchk = 0.0000e0
[TRACE(2) nocedal:272]                                                  dalpha = 2.7294e-3 a_lo = 0.0000e0 a_hi = 2.7294e-3
[TRACE(2) nocedal:294]                                                  trying quadratic interpolation
[INFO (2) utils:27]                                                     * Entering quadmin
[TRACE(2) utils:37]                                                         Entering with phi_a = 1.0789e4, phi_b = 1.4498e4, dphi_a = -1.3693e5, b = 2.7294e-3
[TRACE(2) utils:44]                                                         db = 2.7294e-3
[TRACE(2) utils:57]                                                         beta = 5.4809e8
[ERROR(2) utils:70]                                                         Returning alpha_min = 1.2492e-4
[INFO (2) utils:27]                                                     * Leaving quadmin
[TRACE(2) nocedal:303]                                                  Trying bisection
[TRACE(2) nocedal:311]                                                  New value of a_j = 1.3647e-3
[INFO (2) common:56]                                                    * Entering eval
[INFO (2) augmented_lagrangian:475]                                         * Entering eval
[TRACE(2) augmented_lagrangian:190]                                             Evaluated inequality constraint value: 0.0000e0
[INFO (2) augmented_lagrangian:475]                                         * Leaving eval
[INFO (2) common:56]                                                    * Leaving eval
[INFO (2) utils:263]                                                    * Entering satisfies_armijo
[TRACE(2) utils:273]                                                        armijo: left = 1.2008e4 right = 1.0788e4
[TRACE(2) utils:274]                                                        Satisfies Armijo false
[INFO (2) utils:263]                                                    * Leaving satisfies_armijo
[TRACE(2) nocedal:322]                                                  Failed armijo condition with true true
[DEBUG(2) nocedal:256]                                                  ...............zoom iter = 1
[TRACE(2) nocedal:257]                                                  cchk = 0.0000e0  qchk = 2.7294e-4
[TRACE(2) nocedal:272]                                                  dalpha = 1.3647e-3 a_lo = 0.0000e0 a_hi = 1.3647e-3
[TRACE(2) nocedal:281]                                                  trying cubic interpolation
[INFO (2) utils:150]                                                    * Entering cubicmin3
[TRACE(2) utils:162]                                                        Enterin with a = 0.0000e0, b = 1.3647e-3, c = 2.7294e-3
[TRACE(2) utils:163]                                                        phi_a = 1.0789e4, phi_b = 1.2008e4, phi_c = 1.4498e4
[TRACE(2) utils:169]                                                        db = 1.3647e-3, dc = 2.7294e-3, denom = -1.8935e-14
[ERROR(2) utils:204]                                                        Returning alpha_min = 7.2428e-5
[INFO (2) utils:150]                                                    * Leaving cubicmin3
[TRACE(2) nocedal:294]                                                  trying quadratic interpolation
[INFO (2) utils:27]                                                     * Entering quadmin
[TRACE(2) utils:37]                                                         Entering with phi_a = 1.0789e4, phi_b = 1.2008e4, dphi_a = -1.3693e5, b = 1.3647e-3
[TRACE(2) utils:44]                                                         db = 1.3647e-3
[TRACE(2) utils:57]                                                         beta = 7.5492e8
[ERROR(2) utils:70]                                                         Returning alpha_min = 9.0693e-5
[INFO (2) utils:27]                                                     * Leaving quadmin
[TRACE(2) nocedal:303]                                                  Trying bisection
[TRACE(2) nocedal:311]                                                  New value of a_j = 6.8235e-4
[INFO (2) common:56]                                                    * Entering eval
[INFO (2) augmented_lagrangian:475]                                         * Entering eval
[TRACE(2) augmented_lagrangian:190]                                             Evaluated inequality constraint value: 1.6215e2
[INFO (2) augmented_lagrangian:475]                                         * Leaving eval
[INFO (2) common:56]                                                    * Leaving eval
[INFO (2) utils:263]                                                    * Entering satisfies_armijo
[TRACE(2) utils:273]                                                        armijo: left = 1.1052e4 right = 1.0789e4
[TRACE(2) utils:274]                                                        Satisfies Armijo false
[INFO (2) utils:263]                                                    * Leaving satisfies_armijo
[TRACE(2) nocedal:322]                                                  Failed armijo condition with true true
[DEBUG(2) nocedal:256]                                                  ...............zoom iter = 2
[TRACE(2) nocedal:257]                                                  cchk = 2.7294e-4  qchk = 1.3647e-4
[TRACE(2) nocedal:272]                                                  dalpha = 6.8235e-4 a_lo = 0.0000e0 a_hi = 6.8235e-4
[TRACE(2) nocedal:281]                                                  trying cubic interpolation
[INFO (2) utils:150]                                                    * Entering cubicmin3
[TRACE(2) utils:162]                                                        Enterin with a = 0.0000e0, b = 6.8235e-4, c = 1.3647e-3
[TRACE(2) utils:163]                                                        phi_a = 1.0789e4, phi_b = 1.1052e4, phi_c = 1.2008e4
[TRACE(2) utils:169]                                                        db = 6.8235e-4, dc = 1.3647e-3, denom = -5.9171e-16
[ERROR(2) utils:204]                                                        Returning alpha_min = 8.8023e-5
[INFO (2) utils:150]                                                    * Leaving cubicmin3
[TRACE(2) nocedal:294]                                                  trying quadratic interpolation
[INFO (2) utils:27]                                                     * Entering quadmin
[TRACE(2) utils:37]                                                         Entering with phi_a = 1.0789e4, phi_b = 1.1052e4, dphi_a = -1.3693e5, b = 6.8235e-4
[TRACE(2) utils:44]                                                         db = 6.8235e-4
[TRACE(2) utils:57]                                                         beta = 7.6759e8
[ERROR(2) utils:70]                                                         Returning alpha_min = 8.9195e-5
[INFO (2) utils:27]                                                     * Leaving quadmin
[TRACE(2) nocedal:311]                                                  New value of a_j = 8.9195e-5
[INFO (2) common:56]                                                    * Entering eval
[INFO (2) augmented_lagrangian:475]                                         * Entering eval
[TRACE(2) augmented_lagrangian:190]                                             Evaluated inequality constraint value: 7.9831e2
[INFO (2) augmented_lagrangian:475]                                         * Leaving eval
[INFO (2) common:56]                                                    * Leaving eval
[INFO (2) utils:263]                                                    * Entering satisfies_armijo
[TRACE(2) utils:273]                                                        armijo: left = 1.0782e4 right = 1.0789e4
[TRACE(2) utils:274]                                                        Satisfies Armijo true
[INFO (2) utils:263]                                                    * Leaving satisfies_armijo
[TRACE(2) nocedal:332]                                                  Passed armijo condition
[INFO (2) common:66]                                                    * Entering diff
[INFO (2) augmented_lagrangian:499]                                         * Entering grad
[TRACE(2) augmented_lagrangian:211]                                             Evaluated inequality constraint gradient norm: 3.9958e3
[INFO (2) augmented_lagrangian:499]                                         * Leaving grad
[INFO (2) common:66]                                                    * Leaving diff
[TRACE(2) nocedal:338]                                                  Passed curvature condition
[ERROR(2) nocedal:339]                                                  Returning a_j = 8.9195e-5 phi_aj = 1.0782e4 dphi_aj = -1.9911e2
[INFO (2) nocedal:225]                                              * Leaving zoom
[ERROR(2) nocedal:132]                                              Leaving with 8.9195e-5 1.0782e4 -1.9911e2
[INFO (2) nocedal:51]                                           * Leaving search
[INFO (2) augmented_lagrangian:499]                             * Entering grad
[TRACE(2) augmented_lagrangian:211]                                 Evaluated inequality constraint gradient norm: 3.9958e3
[INFO (2) augmented_lagrangian:499]                             * Leaving grad
[INFO (2) mod:49]                                           * Leaving search
[INFO (2) conjugate_gradient:87]                            * Entering update_direction
[TRACE(2) conjugate_gradient:99]                                norm_grad_fk1 = 3.7004e2 norm_grad_fk = 5.3812e-1
[DEBUG(2) conjugate_gradient:123]                               Applying polak-ribiere update
[DEBUG(2) conjugate_gradient:134]                               beta = 0.0000e0
[INFO (2) conjugate_gradient:87]                            * Leaving update_direction
[INFO (2) conjugate_gradient:139]                           * Entering is_converged
[INFO (2) conjugate_gradient:139]                           * Leaving is_converged
[INFO (2) conjugate_gradient:166]                           ======================================================================== i = 2
[TRACE(2) conjugate_gradient:167]                           Current solution: | 19.996019903723607 10.082244121287307  9.884092210421322  9.925500543449077  9.925500591440311 |

[INFO (2) conjugate_gradient:168]                           Current values: fx=1.0782e4, norm_grad_fx=5.3812e-1
[INFO (2) conjugate_gradient:169]                           Convergence measures:
[INFO (2) conjugate_gradient:171]                           ||∇f(k)|| / ||∇f(0)|| = 1.4542e-3
[INFO (2) conjugate_gradient:67]                            * Entering apply_restart
[INFO (2) conjugate_gradient:67]                            * Leaving apply_restart
[INFO (2) utils:321]                                        * Entering initial_step
[TRACE(2) utils:329]                                            phi1 = 1.0782e4, phi0 = 1.0789e4 dphi1 = -2.8957e-1
[TRACE(2) utils:334]                                            stp1 = 1.0000e0 stp2 = 4.2667e1
[TRACE(2) utils:335]                                            returning 1.0000e0
[INFO (2) utils:321]                                        * Leaving initial_step
[INFO (2) mod:49]                                           * Entering search
[TRACE(2) mod:59]                                               Running with parameters:
[TRACE(2) mod:60]                                               iter_data: fx=1.0782e4, norm_grad_fx=5.3812e-1
[TRACE(2) mod:61]                                               alpha_init: 1
[INFO (2) common:30]                                            * Entering new
[INFO (2) common:30]                                            * Leaving new
[INFO (2) factory:30]                                           * Entering create
[INFO (2) nocedal:37]                                               * Entering new
[INFO (2) nocedal:37]                                               * Leaving new
[INFO (2) factory:30]                                           * Leaving create
[INFO (2) nocedal:51]                                           * Entering search
[TRACE(2) nocedal:60]                                               Entering with phi0 = 1.0782e4 dphi0 = -2.8957e-1
[INFO (2) common:56]                                                * Entering eval
[INFO (2) augmented_lagrangian:475]                                     * Entering eval
[TRACE(2) augmented_lagrangian:190]                                         Evaluated inequality constraint value: 0.0000e0
[INFO (2) augmented_lagrangian:475]                                     * Leaving eval
[INFO (2) common:56]                                                * Leaving eval
[TRACE(2) nocedal:80]                                               --------------------------------------- nocedal it = 0
[TRACE(2) nocedal:81]                                               alpha0 = 0.0000e0 alpha1 = 1.0000e0
[TRACE(2) nocedal:82]                                               phi_a0 = 1.0782e4 phi1 1.2314e4
[TRACE(2) nocedal:83]                                               dphi_aa0 = -2.8957e-1 dphi1 0.0000e0
[INFO (2) utils:263]                                                * Entering satisfies_armijo
[TRACE(2) utils:273]                                                    armijo: left = 1.2314e4 right = 1.0782e4
[TRACE(2) utils:274]                                                    Satisfies Armijo false
[INFO (2) utils:263]                                                * Leaving satisfies_armijo
[TRACE(2) nocedal:103]                                              Does not satisfy armijo
[INFO (2) nocedal:225]                                              * Entering zoom
[TRACE(2) nocedal:242]                                                  Entering with a_lo = 0.0000e0 a_hi = 1.0000e0 phi_lo = 1.0782e4 phi_hi = 1.2314e4
[TRACE(2) nocedal:243]                                                  phi0 = 1.0782e4 dphi0 = -2.8957e-1 c1 = 1.0000e-4 c2 = 4.0000e-1
[DEBUG(2) nocedal:256]                                                  ...............zoom iter = 0
[TRACE(2) nocedal:257]                                                  cchk = 0.0000e0  qchk = 0.0000e0
[TRACE(2) nocedal:272]                                                  dalpha = 1.0000e0 a_lo = 0.0000e0 a_hi = 1.0000e0
[TRACE(2) nocedal:294]                                                  trying quadratic interpolation
[INFO (2) utils:27]                                                     * Entering quadmin
[TRACE(2) utils:37]                                                         Entering with phi_a = 1.0782e4, phi_b = 1.2314e4, dphi_a = -2.8957e-1, b = 1.0000e0
[TRACE(2) utils:44]                                                         db = 1.0000e0
[TRACE(2) utils:57]                                                         beta = 1.5316e3
[ERROR(2) utils:70]                                                         Returning alpha_min = 9.4533e-5
[INFO (2) utils:27]                                                     * Leaving quadmin
[TRACE(2) nocedal:303]                                                  Trying bisection
[TRACE(2) nocedal:311]                                                  New value of a_j = 5.0000e-1
[INFO (2) common:56]                                                    * Entering eval
[INFO (2) augmented_lagrangian:475]                                         * Entering eval
[TRACE(2) augmented_lagrangian:190]                                             Evaluated inequality constraint value: 8.5202e1
[INFO (2) augmented_lagrangian:475]                                         * Leaving eval
[INFO (2) common:56]                                                    * Leaving eval
[INFO (2) utils:263]                                                    * Entering satisfies_armijo
[TRACE(2) utils:273]                                                        armijo: left = 1.1188e4 right = 1.0782e4
[TRACE(2) utils:274]                                                        Satisfies Armijo false
[INFO (2) utils:263]                                                    * Leaving satisfies_armijo
[TRACE(2) nocedal:322]                                                  Failed armijo condition with true true
[DEBUG(2) nocedal:256]                                                  ...............zoom iter = 1
[TRACE(2) nocedal:257]                                                  cchk = 0.0000e0  qchk = 1.0000e-1
[TRACE(2) nocedal:272]                                                  dalpha = 5.0000e-1 a_lo = 0.0000e0 a_hi = 5.0000e-1
[TRACE(2) nocedal:281]                                                  trying cubic interpolation
[INFO (2) utils:150]                                                    * Entering cubicmin3
[TRACE(2) utils:162]                                                        Enterin with a = 0.0000e0, b = 5.0000e-1, c = 1.0000e0
[TRACE(2) utils:163]                                                        phi_a = 1.0782e4, phi_b = 1.1188e4, phi_c = 1.2314e4
[TRACE(2) utils:169]                                                        db = 5.0000e-1, dc = 1.0000e0, denom = -1.2500e-1
[ERROR(2) utils:204]                                                        Returning alpha_min = 8.4323e-5
[INFO (2) utils:150]                                                    * Leaving cubicmin3
[TRACE(2) nocedal:294]                                                  trying quadratic interpolation
[INFO (2) utils:27]                                                     * Entering quadmin
[TRACE(2) utils:37]                                                         Entering with phi_a = 1.0782e4, phi_b = 1.1188e4, dphi_a = -2.8957e-1, b = 5.0000e-1
[TRACE(2) utils:44]                                                         db = 5.0000e-1
[TRACE(2) utils:57]                                                         beta = 1.6243e3
[ERROR(2) utils:70]                                                         Returning alpha_min = 8.9136e-5
[INFO (2) utils:27]                                                     * Leaving quadmin
[TRACE(2) nocedal:303]                                                  Trying bisection
[TRACE(2) nocedal:311]                                                  New value of a_j = 2.5000e-1
[INFO (2) common:56]                                                    * Entering eval
[INFO (2) augmented_lagrangian:475]                                         * Entering eval
[TRACE(2) augmented_lagrangian:190]                                             Evaluated inequality constraint value: 3.5128e2
[INFO (2) augmented_lagrangian:475]                                         * Leaving eval
[INFO (2) common:56]                                                    * Leaving eval
[INFO (2) utils:263]                                                    * Entering satisfies_armijo
[TRACE(2) utils:273]                                                        armijo: left = 1.0884e4 right = 1.0782e4
[TRACE(2) utils:274]                                                        Satisfies Armijo false
[INFO (2) utils:263]                                                    * Leaving satisfies_armijo
[TRACE(2) nocedal:322]                                                  Failed armijo condition with true true
[DEBUG(2) nocedal:256]                                                  ...............zoom iter = 2
[TRACE(2) nocedal:257]                                                  cchk = 1.0000e-1  qchk = 5.0000e-2
[TRACE(2) nocedal:272]                                                  dalpha = 2.5000e-1 a_lo = 0.0000e0 a_hi = 2.5000e-1
[TRACE(2) nocedal:281]                                                  trying cubic interpolation
[INFO (2) utils:150]                                                    * Entering cubicmin3
[TRACE(2) utils:162]                                                        Enterin with a = 0.0000e0, b = 2.5000e-1, c = 5.0000e-1
[TRACE(2) utils:163]                                                        phi_a = 1.0782e4, phi_b = 1.0884e4, phi_c = 1.1188e4
[TRACE(2) utils:169]                                                        db = 2.5000e-1, dc = 5.0000e-1, denom = -3.9062e-3
[ERROR(2) utils:204]                                                        Returning alpha_min = 8.9309e-5
[INFO (2) utils:150]                                                    * Leaving cubicmin3
[TRACE(2) nocedal:294]                                                  trying quadratic interpolation
[INFO (2) utils:27]                                                     * Entering quadmin
[TRACE(2) utils:37]                                                         Entering with phi_a = 1.0782e4, phi_b = 1.0884e4, dphi_a = -2.8957e-1, b = 2.5000e-1
[TRACE(2) utils:44]                                                         db = 2.5000e-1
[TRACE(2) utils:57]                                                         beta = 1.6228e3
[ERROR(2) utils:70]                                                         Returning alpha_min = 8.9223e-5
[INFO (2) utils:27]                                                     * Leaving quadmin
[TRACE(2) nocedal:303]                                                  Trying bisection
[TRACE(2) nocedal:311]                                                  New value of a_j = 1.2500e-1
[INFO (2) common:56]                                                    * Entering eval
[INFO (2) augmented_lagrangian:475]                                         * Entering eval
[TRACE(2) augmented_lagrangian:190]                                             Evaluated inequality constraint value: 5.5217e2
[INFO (2) augmented_lagrangian:475]                                         * Leaving eval
[INFO (2) common:56]                                                    * Leaving eval
[INFO (2) utils:263]                                                    * Entering satisfies_armijo
[TRACE(2) utils:273]                                                        armijo: left = 1.0808e4 right = 1.0782e4
[TRACE(2) utils:274]                                                        Satisfies Armijo false
[INFO (2) utils:263]                                                    * Leaving satisfies_armijo
[TRACE(2) nocedal:322]                                                  Failed armijo condition with true true
[DEBUG(2) nocedal:256]                                                  ...............zoom iter = 3
[TRACE(2) nocedal:257]                                                  cchk = 5.0000e-2  qchk = 2.5000e-2
[TRACE(2) nocedal:272]                                                  dalpha = 1.2500e-1 a_lo = 0.0000e0 a_hi = 1.2500e-1
[TRACE(2) nocedal:281]                                                  trying cubic interpolation
[INFO (2) utils:150]                                                    * Entering cubicmin3
[TRACE(2) utils:162]                                                        Enterin with a = 0.0000e0, b = 1.2500e-1, c = 2.5000e-1
[TRACE(2) utils:163]                                                        phi_a = 1.0782e4, phi_b = 1.0808e4, phi_c = 1.0884e4
[TRACE(2) utils:169]                                                        db = 1.2500e-1, dc = 2.5000e-1, denom = -1.2207e-4
[ERROR(2) utils:204]                                                        Returning alpha_min = 8.9309e-5
[INFO (2) utils:150]                                                    * Leaving cubicmin3
[TRACE(2) nocedal:294]                                                  trying quadratic interpolation
[INFO (2) utils:27]                                                     * Entering quadmin
[TRACE(2) utils:37]                                                         Entering with phi_a = 1.0782e4, phi_b = 1.0808e4, dphi_a = -2.8957e-1, b = 1.2500e-1
[TRACE(2) utils:44]                                                         db = 1.2500e-1
[TRACE(2) utils:57]                                                         beta = 1.6220e3
[ERROR(2) utils:70]                                                         Returning alpha_min = 8.9266e-5
[INFO (2) utils:27]                                                     * Leaving quadmin
[TRACE(2) nocedal:303]                                                  Trying bisection
[TRACE(2) nocedal:311]                                                  New value of a_j = 6.2500e-2
[INFO (2) common:56]                                                    * Entering eval
[INFO (2) augmented_lagrangian:475]                                         * Entering eval
[TRACE(2) augmented_lagrangian:190]                                             Evaluated inequality constraint value: 6.6958e2
[INFO (2) augmented_lagrangian:475]                                         * Leaving eval
[INFO (2) common:56]                                                    * Leaving eval
[INFO (2) utils:263]                                                    * Entering satisfies_armijo
[TRACE(2) utils:273]                                                        armijo: left = 1.0789e4 right = 1.0782e4
[TRACE(2) utils:274]                                                        Satisfies Armijo false
[INFO (2) utils:263]                                                    * Leaving satisfies_armijo
[TRACE(2) nocedal:322]                                                  Failed armijo condition with true true
[DEBUG(2) nocedal:256]                                                  ...............zoom iter = 4
[TRACE(2) nocedal:257]                                                  cchk = 2.5000e-2  qchk = 1.2500e-2
[TRACE(2) nocedal:272]                                                  dalpha = 6.2500e-2 a_lo = 0.0000e0 a_hi = 6.2500e-2
[TRACE(2) nocedal:281]                                                  trying cubic interpolation
[INFO (2) utils:150]                                                    * Entering cubicmin3
[TRACE(2) utils:162]                                                        Enterin with a = 0.0000e0, b = 6.2500e-2, c = 1.2500e-1
[TRACE(2) utils:163]                                                        phi_a = 1.0782e4, phi_b = 1.0789e4, phi_c = 1.0808e4
[TRACE(2) utils:169]                                                        db = 6.2500e-2, dc = 1.2500e-1, denom = -3.8147e-6
[ERROR(2) utils:204]                                                        Returning alpha_min = 8.9308e-5
[INFO (2) utils:150]                                                    * Leaving cubicmin3
[TRACE(2) nocedal:294]                                                  trying quadratic interpolation
[INFO (2) utils:27]                                                     * Entering quadmin
[TRACE(2) utils:37]                                                         Entering with phi_a = 1.0782e4, phi_b = 1.0789e4, dphi_a = -2.8957e-1, b = 6.2500e-2
[TRACE(2) utils:44]                                                         db = 6.2500e-2
[TRACE(2) utils:57]                                                         beta = 1.6216e3
[ERROR(2) utils:70]                                                         Returning alpha_min = 8.9287e-5
[INFO (2) utils:27]                                                     * Leaving quadmin
[TRACE(2) nocedal:303]                                                  Trying bisection
[TRACE(2) nocedal:311]                                                  New value of a_j = 3.1250e-2
[INFO (2) common:56]                                                    * Entering eval
[INFO (2) augmented_lagrangian:475]                                         * Entering eval
[TRACE(2) augmented_lagrangian:190]                                             Evaluated inequality constraint value: 7.3253e2
[INFO (2) augmented_lagrangian:475]                                         * Leaving eval
[INFO (2) common:56]                                                    * Leaving eval
[INFO (2) utils:263]                                                    * Entering satisfies_armijo
[TRACE(2) utils:273]                                                        armijo: left = 1.0784e4 right = 1.0782e4
[TRACE(2) utils:274]                                                        Satisfies Armijo false
[INFO (2) utils:263]                                                    * Leaving satisfies_armijo
[TRACE(2) nocedal:322]                                                  Failed armijo condition with true true
[DEBUG(2) nocedal:256]                                                  ...............zoom iter = 5
[TRACE(2) nocedal:257]                                                  cchk = 1.2500e-2  qchk = 6.2500e-3
[TRACE(2) nocedal:272]                                                  dalpha = 3.1250e-2 a_lo = 0.0000e0 a_hi = 3.1250e-2
[TRACE(2) nocedal:281]                                                  trying cubic interpolation
[INFO (2) utils:150]                                                    * Entering cubicmin3
[TRACE(2) utils:162]                                                        Enterin with a = 0.0000e0, b = 3.1250e-2, c = 6.2500e-2
[TRACE(2) utils:163]                                                        phi_a = 1.0782e4, phi_b = 1.0784e4, phi_c = 1.0789e4
[TRACE(2) utils:169]                                                        db = 3.1250e-2, dc = 6.2500e-2, denom = -1.1921e-7
[ERROR(2) utils:204]                                                        Returning alpha_min = 8.9308e-5
[INFO (2) utils:150]                                                    * Leaving cubicmin3
[TRACE(2) nocedal:294]                                                  trying quadratic interpolation
[INFO (2) utils:27]                                                     * Entering quadmin
[TRACE(2) utils:37]                                                         Entering with phi_a = 1.0782e4, phi_b = 1.0784e4, dphi_a = -2.8957e-1, b = 3.1250e-2
[TRACE(2) utils:44]                                                         db = 3.1250e-2
[TRACE(2) utils:57]                                                         beta = 1.6214e3
[ERROR(2) utils:70]                                                         Returning alpha_min = 8.9298e-5
[INFO (2) utils:27]                                                     * Leaving quadmin
[TRACE(2) nocedal:303]                                                  Trying bisection
[TRACE(2) nocedal:311]                                                  New value of a_j = 1.5625e-2
[INFO (2) common:56]                                                    * Entering eval
[INFO (2) augmented_lagrangian:475]                                         * Entering eval
[TRACE(2) augmented_lagrangian:190]                                             Evaluated inequality constraint value: 7.6507e2
[INFO (2) augmented_lagrangian:475]                                         * Leaving eval
[INFO (2) common:56]                                                    * Leaving eval
[INFO (2) utils:263]                                                    * Entering satisfies_armijo
[TRACE(2) utils:273]                                                        armijo: left = 1.0783e4 right = 1.0782e4
[TRACE(2) utils:274]                                                        Satisfies Armijo false
[INFO (2) utils:263]                                                    * Leaving satisfies_armijo
[TRACE(2) nocedal:322]                                                  Failed armijo condition with true true
[DEBUG(2) nocedal:256]                                                  ...............zoom iter = 6
[TRACE(2) nocedal:257]                                                  cchk = 6.2500e-3  qchk = 3.1250e-3
[TRACE(2) nocedal:272]                                                  dalpha = 1.5625e-2 a_lo = 0.0000e0 a_hi = 1.5625e-2
[TRACE(2) nocedal:281]                                                  trying cubic interpolation
[INFO (2) utils:150]                                                    * Entering cubicmin3
[TRACE(2) utils:162]                                                        Enterin with a = 0.0000e0, b = 1.5625e-2, c = 3.1250e-2
[TRACE(2) utils:163]                                                        phi_a = 1.0782e4, phi_b = 1.0783e4, phi_c = 1.0784e4
[TRACE(2) utils:169]                                                        db = 1.5625e-2, dc = 3.1250e-2, denom = -3.7253e-9
[ERROR(2) utils:204]                                                        Returning alpha_min = 8.9308e-5
[INFO (2) utils:150]                                                    * Leaving cubicmin3
[TRACE(2) nocedal:294]                                                  trying quadratic interpolation
[INFO (2) utils:27]                                                     * Entering quadmin
[TRACE(2) utils:37]                                                         Entering with phi_a = 1.0782e4, phi_b = 1.0783e4, dphi_a = -2.8957e-1, b = 1.5625e-2
[TRACE(2) utils:44]                                                         db = 1.5625e-2
[TRACE(2) utils:57]                                                         beta = 1.6213e3
[ERROR(2) utils:70]                                                         Returning alpha_min = 8.9303e-5
[INFO (2) utils:27]                                                     * Leaving quadmin
[TRACE(2) nocedal:303]                                                  Trying bisection
[TRACE(2) nocedal:311]                                                  New value of a_j = 7.8125e-3
[INFO (2) common:56]                                                    * Entering eval
[INFO (2) augmented_lagrangian:475]                                         * Entering eval
[TRACE(2) augmented_lagrangian:190]                                             Evaluated inequality constraint value: 7.8160e2
[INFO (2) augmented_lagrangian:475]                                         * Leaving eval
[INFO (2) common:56]                                                    * Leaving eval
[INFO (2) utils:263]                                                    * Entering satisfies_armijo
[TRACE(2) utils:273]                                                        armijo: left = 1.0782e4 right = 1.0782e4
[TRACE(2) utils:274]                                                        Satisfies Armijo false
[INFO (2) utils:263]                                                    * Leaving satisfies_armijo
[TRACE(2) nocedal:322]                                                  Failed armijo condition with true true
[DEBUG(2) nocedal:256]                                                  ...............zoom iter = 7
[TRACE(2) nocedal:257]                                                  cchk = 3.1250e-3  qchk = 1.5625e-3
[TRACE(2) nocedal:272]                                                  dalpha = 7.8125e-3 a_lo = 0.0000e0 a_hi = 7.8125e-3
[TRACE(2) nocedal:281]                                                  trying cubic interpolation
[INFO (2) utils:150]                                                    * Entering cubicmin3
[TRACE(2) utils:162]                                                        Enterin with a = 0.0000e0, b = 7.8125e-3, c = 1.5625e-2
[TRACE(2) utils:163]                                                        phi_a = 1.0782e4, phi_b = 1.0782e4, phi_c = 1.0783e4
[TRACE(2) utils:169]                                                        db = 7.8125e-3, dc = 1.5625e-2, denom = -1.1642e-10
[ERROR(2) utils:204]                                                        Returning alpha_min = 8.9308e-5
[INFO (2) utils:150]                                                    * Leaving cubicmin3
[TRACE(2) nocedal:294]                                                  trying quadratic interpolation
[INFO (2) utils:27]                                                     * Entering quadmin
[TRACE(2) utils:37]                                                         Entering with phi_a = 1.0782e4, phi_b = 1.0782e4, dphi_a = -2.8957e-1, b = 7.8125e-3
[TRACE(2) utils:44]                                                         db = 7.8125e-3
[TRACE(2) utils:57]                                                         beta = 1.6212e3
[ERROR(2) utils:70]                                                         Returning alpha_min = 8.9306e-5
[INFO (2) utils:27]                                                     * Leaving quadmin
[TRACE(2) nocedal:303]                                                  Trying bisection
[TRACE(2) nocedal:311]                                                  New value of a_j = 3.9062e-3
[INFO (2) common:56]                                                    * Entering eval
[INFO (2) augmented_lagrangian:475]                                         * Entering eval
[TRACE(2) augmented_lagrangian:190]                                             Evaluated inequality constraint value: 7.8993e2
[INFO (2) augmented_lagrangian:475]                                         * Leaving eval
[INFO (2) common:56]                                                    * Leaving eval
[INFO (2) utils:263]                                                    * Entering satisfies_armijo
[TRACE(2) utils:273]                                                        armijo: left = 1.0782e4 right = 1.0782e4
[TRACE(2) utils:274]                                                        Satisfies Armijo false
[INFO (2) utils:263]                                                    * Leaving satisfies_armijo
[TRACE(2) nocedal:322]                                                  Failed armijo condition with true true
[DEBUG(2) nocedal:256]                                                  ...............zoom iter = 8
[TRACE(2) nocedal:257]                                                  cchk = 1.5625e-3  qchk = 7.8125e-4
[TRACE(2) nocedal:272]                                                  dalpha = 3.9062e-3 a_lo = 0.0000e0 a_hi = 3.9062e-3
[TRACE(2) nocedal:281]                                                  trying cubic interpolation
[INFO (2) utils:150]                                                    * Entering cubicmin3
[TRACE(2) utils:162]                                                        Enterin with a = 0.0000e0, b = 3.9062e-3, c = 7.8125e-3
[TRACE(2) utils:163]                                                        phi_a = 1.0782e4, phi_b = 1.0782e4, phi_c = 1.0782e4
[TRACE(2) utils:169]                                                        db = 3.9062e-3, dc = 7.8125e-3, denom = -3.6380e-12
[ERROR(2) utils:204]                                                        Returning alpha_min = 8.9308e-5
[INFO (2) utils:150]                                                    * Leaving cubicmin3
[TRACE(2) nocedal:294]                                                  trying quadratic interpolation
[INFO (2) utils:27]                                                     * Entering quadmin
[TRACE(2) utils:37]                                                         Entering with phi_a = 1.0782e4, phi_b = 1.0782e4, dphi_a = -2.8957e-1, b = 3.9062e-3
[TRACE(2) utils:44]                                                         db = 3.9062e-3
[TRACE(2) utils:57]                                                         beta = 1.6212e3
[ERROR(2) utils:70]                                                         Returning alpha_min = 8.9307e-5
[INFO (2) utils:27]                                                     * Leaving quadmin
[TRACE(2) nocedal:303]                                                  Trying bisection
[TRACE(2) nocedal:311]                                                  New value of a_j = 1.9531e-3
[INFO (2) common:56]                                                    * Entering eval
[INFO (2) augmented_lagrangian:475]                                         * Entering eval
[TRACE(2) augmented_lagrangian:190]                                             Evaluated inequality constraint value: 7.9411e2
[INFO (2) augmented_lagrangian:475]                                         * Leaving eval
[INFO (2) common:56]                                                    * Leaving eval
[INFO (2) utils:263]                                                    * Entering satisfies_armijo
[TRACE(2) utils:273]                                                        armijo: left = 1.0782e4 right = 1.0782e4
[TRACE(2) utils:274]                                                        Satisfies Armijo false
[INFO (2) utils:263]                                                    * Leaving satisfies_armijo
[TRACE(2) nocedal:322]                                                  Failed armijo condition with true true
[DEBUG(2) nocedal:256]                                                  ...............zoom iter = 9
[TRACE(2) nocedal:257]                                                  cchk = 7.8125e-4  qchk = 3.9063e-4
[TRACE(2) nocedal:272]                                                  dalpha = 1.9531e-3 a_lo = 0.0000e0 a_hi = 1.9531e-3
[TRACE(2) nocedal:281]                                                  trying cubic interpolation
[INFO (2) utils:150]                                                    * Entering cubicmin3
[TRACE(2) utils:162]                                                        Enterin with a = 0.0000e0, b = 1.9531e-3, c = 3.9062e-3
[TRACE(2) utils:163]                                                        phi_a = 1.0782e4, phi_b = 1.0782e4, phi_c = 1.0782e4
[TRACE(2) utils:169]                                                        db = 1.9531e-3, dc = 3.9062e-3, denom = -1.1369e-13
[ERROR(2) utils:204]                                                        Returning alpha_min = 8.9308e-5
[INFO (2) utils:150]                                                    * Leaving cubicmin3
[TRACE(2) nocedal:294]                                                  trying quadratic interpolation
[INFO (2) utils:27]                                                     * Entering quadmin
[TRACE(2) utils:37]                                                         Entering with phi_a = 1.0782e4, phi_b = 1.0782e4, dphi_a = -2.8957e-1, b = 1.9531e-3
[TRACE(2) utils:44]                                                         db = 1.9531e-3
[TRACE(2) utils:57]                                                         beta = 1.6212e3
[ERROR(2) utils:70]                                                         Returning alpha_min = 8.9308e-5
[INFO (2) utils:27]                                                     * Leaving quadmin
[TRACE(2) nocedal:303]                                                  Trying bisection
[TRACE(2) nocedal:311]                                                  New value of a_j = 9.7656e-4
[INFO (2) common:56]                                                    * Entering eval
[INFO (2) augmented_lagrangian:475]                                         * Entering eval
[TRACE(2) augmented_lagrangian:190]                                             Evaluated inequality constraint value: 7.9621e2
[INFO (2) augmented_lagrangian:475]                                         * Leaving eval
[INFO (2) common:56]                                                    * Leaving eval
[INFO (2) utils:263]                                                    * Entering satisfies_armijo
[TRACE(2) utils:273]                                                        armijo: left = 1.0782e4 right = 1.0782e4
[TRACE(2) utils:274]                                                        Satisfies Armijo false
[INFO (2) utils:263]                                                    * Leaving satisfies_armijo
[TRACE(2) nocedal:322]                                                  Failed armijo condition with true true
[ERROR(2) nocedal:366]                                                  Reached max iterations in zoom
[INFO (2) nocedal:225]                                              * Leaving zoom
[ERROR(2) nocedal:124]                                              Zoom failed
[INFO (2) nocedal:51]                                           * Leaving search
[INFO (2) mod:49]                                           * Leaving search
[INFO (2) conjugate_gradient:179]                       * Leaving minimize
[INFO (2) augmented_lagrangian:718]                 * Leaving minimize

thread 'test_quartic_with_bound_constraints_matches_reference::case_4_quartic_nocedal_pr' (2258267) panicked at tests/augmented_lagrangian.rs:743:6:
called `Result::unwrap()` on an `Err` value: UnconstrainedError(LineSearch(NotDecreasing))
note: run with `RUST_BACKTRACE=1` environment variable to display a backtrace


failures:
    test_quartic_with_bound_constraints_matches_reference::case_4_quartic_nocedal_pr

test result: FAILED. 0 passed; 1 failed; 0 ignored; 0 measured; 48 filtered out; finished in 0.01s

error: test failed, to rerun pass `--test augmented_lagrangian`
